2026-10-08 04:06:41,395 [WARNING] disnake.gateway: Can't keep up, shard ID None websocket is 49.9s behind.
2026-10-08 04:06:42,746 [WARNING] disnake.gateway: Shard ID None heartbeat blocked for more than 10 seconds.
Loop thread traceback (most recent call last):
  File "C:\Users\user\Desktop\12345\main.py", line 179, in <module>
    asyncio.run(main())
  File "C:\Users\user\AppData\Local\Python\pythoncore-3.14-64\Lib\asyncio\runners.py", line 204, in run
    return runner.run(main)
  File "C:\Users\user\AppData\Local\Python\pythoncore-3.14-64\Lib\asyncio\runners.py", line 127, in run
    return self._loop.run_until_complete(task)
  File "C:\Users\user\AppData\Local\Python\pythoncore-3.14-64\Lib\asyncio\base_events.py", line 706, in run_until_complete
    self.run_forever()
  File "C:\Users\user\AppData\Local\Python\pythoncore-3.14-64\Lib\asyncio\base_events.py", line 677, in run_forever
    self._run_once()
  File "C:\Users\user\AppData\Local\Python\pythoncore-3.14-64\Lib\asyncio\base_events.py", line 2019, in _run_once
    event_list = self._selector.select(timeout)
  File "C:\Users\user\AppData\Local\Python\pythoncore-3.14-64\Lib\asyncio\windows_events.py", line 446, in select
    self._poll(timeout)
  File "C:\Users\user\AppData\Local\Python\pythoncore-3.14-64\Lib\asyncio\windows_events.py", line 775, in _poll
    status = _overlapped.GetQueuedCompletionStatus(self._iocp, ms)

2026-10-08 04:06:52,768 [WARNING] disnake.gateway: Shard ID None heartbeat blocked for more than 20 seconds.
Loop thread traceback (most recent call last):
  File "C:\Users\user\Desktop\12345\main.py", line 179, in <module>
    asyncio.run(main())
  File "C:\Users\user\AppData\Local\Python\pythoncore-3.14-64\Lib\asyncio\runners.py", line 204, in run
    return runner.run(main)
  File "C:\Users\user\AppData\Local\Python\pythoncore-3.14-64\Lib\asyncio\runners.py", line 127, in run
    return self._loop.run_until_complete(task)
  File "C:\Users\user\AppData\Local\Python\pythoncore-3.14-64\Lib\asyncio\base_events.py", line 706, in run_until_complete
    self.run_forever()
  File "C:\Users\user\AppData\Local\Python\pythoncore-3.14-64\Lib\asyncio\base_events.py", line 677, in run_forever
    self._run_once()
  File "C:\Users\user\AppData\Local\Python\pythoncore-3.14-64\Lib\asyncio\base_events.py", line 2019, in _run_once
    event_list = self._selector.select(timeout)
  File "C:\Users\user\AppData\Local\Python\pythoncore-3.14-64\Lib\asyncio\windows_events.py", line 446, in select
    self._poll(timeout)
  File "C:\Users\user\AppData\Local\Python\pythoncore-3.14-64\Lib\asyncio\windows_events.py", line 775, in _poll
    status = _overlapped.GetQueuedCompletionStatus(self._iocp, ms)

2026-10-08 04:07:02,768 [WARNING] disnake.gateway: Shard ID None heartbeat blocked for more than 30 seconds.
Loop thread traceback (most recent call last):
  File "C:\Users\user\Desktop\12345\main.py", line 179, in <module>
    asyncio.run(main())
  File "C:\Users\user\AppData\Local\Python\pythoncore-3.14-64\Lib\asyncio\runners.py", line 204, in run
    return runner.run(main)
  File "C:\Users\user\AppData\Local\Python\pythoncore-3.14-64\Lib\asyncio\runners.py", line 127, in run
    return self._loop.run_until_complete(task)
  File "C:\Users\user\AppData\Local\Python\pythoncore-3.14-64\Lib\asyncio\base_events.py", line 706, in run_until_complete
    self.run_forever()
  File "C:\Users\user\AppData\Local\Python\pythoncore-3.14-64\Lib\asyncio\base_events.py", line 677, in run_forever
    self._run_once()
  File "C:\Users\user\AppData\Local\Python\pythoncore-3.14-64\Lib\asyncio\base_events.py", line 2019, in _run_once
    event_list = self._selector.select(timeout)
  File "C:\Users\user\AppData\Local\Python\pythoncore-3.14-64\Lib\asyncio\windows_events.py", line 446, in select
    self._poll(timeout)
  File "C:\Users\user\AppData\Local\Python\pythoncore-3.14-64\Lib\asyncio\windows_events.py", line 775, in _poll
    status = _overlapped.GetQueuedCompletionStatus(self._iocp, ms)

2026-10-08 04:07:12,778 [WARNING] disnake.gateway: Shard ID None heartbeat blocked for more than 40 seconds.
Loop thread traceback (most recent call last):
  File "C:\Users\user\Desktop\12345\main.py", line 179, in <module>
    asyncio.run(main())
  File "C:\Users\user\AppData\Local\Python\pythoncore-3.14-64\Lib\asyncio\runners.py", line 204, in run
    return runner.run(main)
  File "C:\Users\user\AppData\Local\Python\pythoncore-3.14-64\Lib\asyncio\runners.py", line 127, in run
    return self._loop.run_until_complete(task)
  File "C:\Users\user\AppData\Local\Python\pythoncore-3.14-64\Lib\asyncio\base_events.py", line 706, in run_until_complete
    self.run_forever()
  File "C:\Users\user\AppData\Local\Python\pythoncore-3.14-64\Lib\asyncio\base_events.py", line 677, in run_forever
    self._run_once()
  File "C:\Users\user\AppData\Local\Python\pythoncore-3.14-64\Lib\asyncio\base_events.py", line 2019, in _run_once
    event_list = self._selector.select(timeout)
  File "C:\Users\user\AppData\Local\Python\pythoncore-3.14-64\Lib\asyncio\windows_events.py", line 446, in select
    self._poll(timeout)
  File "C:\Users\user\AppData\Local\Python\pythoncore-3.14-64\Lib\asyncio\windows_events.py", line 775, in _poll
    status = _overlapped.GetQueuedCompletionStatus(self._iocp, ms)

2026-10-08 04:07:22,782 [WARNING] disnake.gateway: Shard ID None heartbeat blocked for more than 50 seconds.
Loop thread traceback (most recent call last):
  File "C:\Users\user\Desktop\12345\main.py", line 179, in <module>
    asyncio.run(main())
  File "C:\Users\user\AppData\Local\Python\pythoncore-3.14-64\Lib\asyncio\runners.py", line 204, in run
    return runner.run(main)
  File "C:\Users\user\AppData\Local\Python\pythoncore-3.14-64\Lib\asyncio\runners.py", line 127, in run
    return self._loop.run_until_complete(task)
  File "C:\Users\user\AppData\Local\Python\pythoncore-3.14-64\Lib\asyncio\base_events.py", line 706, in run_until_complete
    self.run_forever()
  File "C:\Users\user\AppData\Local\Python\pythoncore-3.14-64\Lib\asyncio\base_events.py", line 677, in run_forever
    self._run_once()
  File "C:\Users\user\AppData\Local\Python\pythoncore-3.14-64\Lib\asyncio\base_events.py", line 2019, in _run_once
    event_list = self._selector.select(timeout)
  File "C:\Users\user\AppData\Local\Python\pythoncore-3.14-64\Lib\asyncio\windows_events.py", line 446, in select
    self._poll(timeout)
  File "C:\Users\user\AppData\Local\Python\pythoncore-3.14-64\Lib\asyncio\windows_events.py", line 775, in _poll
    status = _overlapped.GetQueuedCompletionStatus(self._iocp, ms)

2026-10-08 04:07:31,083 [WARNING] disnake.gateway: Can't keep up, shard ID None websocket is 99.6s behind.
2026-10-08 04:07:32,794 [WARNING] disnake.gateway: Shard ID None heartbeat blocked for more than 60 seconds.
Loop thread traceback (most recent call last):
  File "C:\Users\user\Desktop\12345\main.py", line 179, in <module>
    asyncio.run(main())
  File "C:\Users\user\AppData\Local\Python\pythoncore-3.14-64\Lib\asyncio\runners.py", line 204, in run
    return runner.run(main)
  File "C:\Users\user\AppData\Local\Python\pythoncore-3.14-64\Lib\asyncio\runners.py", line 127, in run
    return self._loop.run_until_complete(task)
  File "C:\Users\user\AppData\Local\Python\pythoncore-3.14-64\Lib\asyncio\base_events.py", line 706, in run_until_complete
    self.run_forever()
  File "C:\Users\user\AppData\Local\Python\pythoncore-3.14-64\Lib\asyncio\base_events.py", line 677, in run_forever
    self._run_once()
  File "C:\Users\user\AppData\Local\Python\pythoncore-3.14-64\Lib\asyncio\base_events.py", line 2019, in _run_once
    event_list = self._selector.select(timeout)
  File "C:\Users\user\AppData\Local\Python\pythoncore-3.14-64\Lib\asyncio\windows_events.py", line 446, in select
    self._poll(timeout)
  File "C:\Users\user\AppData\Local\Python\pythoncore-3.14-64\Lib\asyncio\windows_events.py", line 775, in _poll
    status = _overlapped.GetQueuedCompletionStatus(self._iocp, ms)

2026-10-08 04:07:42,797 [WARNING] disnake.gateway: Shard ID None heartbeat blocked for more than 70 seconds.
Loop thread traceback (most recent call last):
  File "C:\Users\user\Desktop\12345\main.py", line 179, in <module>
    asyncio.run(main())
  File "C:\Users\user\AppData\Local\Python\pythoncore-3.14-64\Lib\asyncio\runners.py", line 204, in run
    return runner.run(main)
  File "C:\Users\user\AppData\Local\Python\pythoncore-3.14-64\Lib\asyncio\runners.py", line 127, in run
    return self._loop.run_until_complete(task)
  File "C:\Users\user\AppData\Local\Python\pythoncore-3.14-64\Lib\asyncio\base_events.py", line 706, in run_until_complete
    self.run_forever()
  File "C:\Users\user\AppData\Local\Python\pythoncore-3.14-64\Lib\asyncio\base_events.py", line 677, in run_forever
    self._run_once()
  File "C:\Users\user\AppData\Local\Python\pythoncore-3.14-64\Lib\asyncio\base_events.py", line 2019, in _run_once
    event_list = self._selector.select(timeout)
  File "C:\Users\user\AppData\Local\Python\pythoncore-3.14-64\Lib\asyncio\windows_events.py", line 446, in select
    self._poll(timeout)
  File "C:\Users\user\AppData\Local\Python\pythoncore-3.14-64\Lib\asyncio\windows_events.py", line 775, in _poll
    status = _overlapped.GetQueuedCompletionStatus(self._iocp, ms)

2026-10-08 04:07:52,805 [WARNING] disnake.gateway: Shard ID None heartbeat blocked for more than 80 seconds.
Loop thread traceback (most recent call last):
  File "C:\Users\user\Desktop\12345\main.py", line 179, in <module>
    asyncio.run(main())
  File "C:\Users\user\AppData\Local\Python\pythoncore-3.14-64\Lib\asyncio\runners.py", line 204, in run
    return runner.run(main)
  File "C:\Users\user\AppData\Local\Python\pythoncore-3.14-64\Lib\asyncio\runners.py", line 127, in run
    return self._loop.run_until_complete(task)
  File "C:\Users\user\AppData\Local\Python\pythoncore-3.14-64\Lib\asyncio\base_events.py", line 706, in run_until_complete
    self.run_forever()
  File "C:\Users\user\AppData\Local\Python\pythoncore-3.14-64\Lib\asyncio\base_events.py", line 677, in run_forever
    self._run_once()
  File "C:\Users\user\AppData\Local\Python\pythoncore-3.14-64\Lib\asyncio\base_events.py", line 2019, in _run_once
    event_list = self._selector.select(timeout)
  File "C:\Users\user\AppData\Local\Python\pythoncore-3.14-64\Lib\asyncio\windows_events.py", line 446, in select
    self._poll(timeout)
  File "C:\Users\user\AppData\Local\Python\pythoncore-3.14-64\Lib\asyncio\windows_events.py", line 775, in _poll
    status = _overlapped.GetQueuedCompletionStatus(self._iocp, ms)

2026-10-08 04:08:02,810 [WARNING] disnake.gateway: Shard ID None heartbeat blocked for more than 90 seconds.
Loop thread traceback (most recent call last):
  File "C:\Users\user\Desktop\12345\main.py", line 179, in <module>
    asyncio.run(main())
  File "C:\Users\user\AppData\Local\Python\pythoncore-3.14-64\Lib\asyncio\runners.py", line 204, in run
    return runner.run(main)
  File "C:\Users\user\AppData\Local\Python\pythoncore-3.14-64\Lib\asyncio\runners.py", line 127, in run
    return self._loop.run_until_complete(task)
  File "C:\Users\user\AppData\Local\Python\pythoncore-3.14-64\Lib\asyncio\base_events.py", line 706, in run_until_complete
    self.run_forever()
  File "C:\Users\user\AppData\Local\Python\pythoncore-3.14-64\Lib\asyncio\base_events.py", line 677, in run_forever
    self._run_once()
  File "C:\Users\user\AppData\Local\Python\pythoncore-3.14-64\Lib\asyncio\base_events.py", line 2019, in _run_once
    event_list = self._selector.select(timeout)
  File "C:\Users\user\AppData\Local\Python\pythoncore-3.14-64\Lib\asyncio\windows_events.py", line 446, in select
    self._poll(timeout)
  File "C:\Users\user\AppData\Local\Python\pythoncore-3.14-64\Lib\asyncio\windows_events.py", line 775, in _poll
    status = _overlapped.GetQueuedCompletionStatus(self._iocp, ms)

2026-10-08 04:08:12,815 [WARNING] disnake.gateway: Shard ID None heartbeat blocked for more than 100 seconds.
Loop thread traceback (most recent call last):
  File "C:\Users\user\Desktop\12345\main.py", line 179, in <module>
    asyncio.run(main())
  File "C:\Users\user\AppData\Local\Python\pythoncore-3.14-64\Lib\asyncio\runners.py", line 204, in run
    return runner.run(main)
  File "C:\Users\user\AppData\Local\Python\pythoncore-3.14-64\Lib\asyncio\runners.py", line 127, in run
    return self._loop.run_until_complete(task)
  File "C:\Users\user\AppData\Local\Python\pythoncore-3.14-64\Lib\asyncio\base_events.py", line 706, in run_until_complete
    self.run_forever()
  File "C:\Users\user\AppData\Local\Python\pythoncore-3.14-64\Lib\asyncio\base_events.py", line 677, in run_forever
    self._run_once()
  File "C:\Users\user\AppData\Local\Python\pythoncore-3.14-64\Lib\asyncio\base_events.py", line 2019, in _run_once
    event_list = self._selector.select(timeout)
  File "C:\Users\user\AppData\Local\Python\pythoncore-3.14-64\Lib\asyncio\windows_events.py", line 446, in select
    self._poll(timeout)
  File "C:\Users\user\AppData\Local\Python\pythoncore-3.14-64\Lib\asyncio\windows_events.py", line 775, in _poll
    status = _overlapped.GetQueuedCompletionStatus(self._iocp, ms)

2026-10-08 04:08:20,771 [WARNING] disnake.gateway: Can't keep up, shard ID None websocket is 149.3s behind.
2026-10-08 04:08:22,819 [WARNING] disnake.gateway: Shard ID None heartbeat blocked for more than 110 seconds.
Loop thread traceback (most recent call last):
  File "C:\Users\user\Desktop\12345\main.py", line 179, in <module>
    asyncio.run(main())
  File "C:\Users\user\AppData\Local\Python\pythoncore-3.14-64\Lib\asyncio\runners.py", line 204, in run
    return runner.run(main)
  File "C:\Users\user\AppData\Local\Python\pythoncore-3.14-64\Lib\asyncio\runners.py", line 127, in run
    return self._loop.run_until_complete(task)
  File "C:\Users\user\AppData\Local\Python\pythoncore-3.14-64\Lib\asyncio\base_events.py", line 706, in run_until_complete
    self.run_forever()
  File "C:\Users\user\AppData\Local\Python\pythoncore-3.14-64\Lib\asyncio\base_events.py", line 677, in run_forever
    self._run_once()
  File "C:\Users\user\AppData\Local\Python\pythoncore-3.14-64\Lib\asyncio\base_events.py", line 2019, in _run_once
    event_list = self._selector.select(timeout)
  File "C:\Users\user\AppData\Local\Python\pythoncore-3.14-64\Lib\asyncio\windows_events.py", line 446, in select
    self._poll(timeout)
  File "C:\Users\user\AppData\Local\Python\pythoncore-3.14-64\Lib\asyncio\windows_events.py", line 775, in _poll
    status = _overlapped.GetQueuedCompletionStatus(self._iocp, ms)

2026-10-08 04:08:32,832 [WARNING] disnake.gateway: Shard ID None heartbeat blocked for more than 120 seconds.
Loop thread traceback (most recent call last):
  File "C:\Users\user\Desktop\12345\main.py", line 179, in <module>
    asyncio.run(main())
  File "C:\Users\user\AppData\Local\Python\pythoncore-3.14-64\Lib\asyncio\runners.py", line 204, in run
    return runner.run(main)
  File "C:\Users\user\AppData\Local\Python\pythoncore-3.14-64\Lib\asyncio\runners.py", line 127, in run
    return self._loop.run_until_complete(task)
  File "C:\Users\user\AppData\Local\Python\pythoncore-3.14-64\Lib\asyncio\base_events.py", line 706, in run_until_complete
    self.run_forever()
  File "C:\Users\user\AppData\Local\Python\pythoncore-3.14-64\Lib\asyncio\base_events.py", line 677, in run_forever
    self._run_once()
  File "C:\Users\user\AppData\Local\Python\pythoncore-3.14-64\Lib\asyncio\base_events.py", line 2019, in _run_once
    event_list = self._selector.select(timeout)
  File "C:\Users\user\AppData\Local\Python\pythoncore-3.14-64\Lib\asyncio\windows_events.py", line 446, in select
    self._poll(timeout)
  File "C:\Users\user\AppData\Local\Python\pythoncore-3.14-64\Lib\asyncio\windows_events.py", line 775, in _poll
    status = _overlapped.GetQueuedCompletionStatus(self._iocp, ms)

2026-10-08 04:08:42,836 [WARNING] disnake.gateway: Shard ID None heartbeat blocked for more than 130 seconds.
Loop thread traceback (most recent call last):
  File "C:\Users\user\Desktop\12345\main.py", line 179, in <module>
    asyncio.run(main())
  File "C:\Users\user\AppData\Local\Python\pythoncore-3.14-64\Lib\asyncio\runners.py", line 204, in run
    return runner.run(main)
  File "C:\Users\user\AppData\Local\Python\pythoncore-3.14-64\Lib\asyncio\runners.py", line 127, in run
    return self._loop.run_until_complete(task)
  File "C:\Users\user\AppData\Local\Python\pythoncore-3.14-64\Lib\asyncio\base_events.py", line 706, in run_until_complete
    self.run_forever()
  File "C:\Users\user\AppData\Local\Python\pythoncore-3.14-64\Lib\asyncio\base_events.py", line 677, in run_forever
    self._run_once()
  File "C:\Users\user\AppData\Local\Python\pythoncore-3.14-64\Lib\asyncio\base_events.py", line 2019, in _run_once
    event_list = self._selector.select(timeout)
  File "C:\Users\user\AppData\Local\Python\pythoncore-3.14-64\Lib\asyncio\windows_events.py", line 446, in select
    self._poll(timeout)
  File "C:\Users\user\AppData\Local\Python\pythoncore-3.14-64\Lib\asyncio\windows_events.py", line 775, in _poll
    status = _overlapped.GetQueuedCompletionStatus(self._iocp, ms)

2026-10-08 04:08:52,851 [WARNING] disnake.gateway: Shard ID None heartbeat blocked for more than 140 seconds.
Loop thread traceback (most recent call last):
  File "C:\Users\user\Desktop\12345\main.py", line 179, in <module>
    asyncio.run(main())
  File "C:\Users\user\AppData\Local\Python\pythoncore-3.14-64\Lib\asyncio\runners.py", line 204, in run
    return runner.run(main)
  File "C:\Users\user\AppData\Local\Python\pythoncore-3.14-64\Lib\asyncio\runners.py", line 127, in run
    return self._loop.run_until_complete(task)
  File "C:\Users\user\AppData\Local\Python\pythoncore-3.14-64\Lib\asyncio\base_events.py", line 706, in run_until_complete
    self.run_forever()
  File "C:\Users\user\AppData\Local\Python\pythoncore-3.14-64\Lib\asyncio\base_events.py", line 677, in run_forever
    self._run_once()
  File "C:\Users\user\AppData\Local\Python\pythoncore-3.14-64\Lib\asyncio\base_events.py", line 2019, in _run_once
    event_list = self._selector.select(timeout)
  File "C:\Users\user\AppData\Local\Python\pythoncore-3.14-64\Lib\asyncio\windows_events.py", line 446, in select
    self._poll(timeout)
  File "C:\Users\user\AppData\Local\Python\pythoncore-3.14-64\Lib\asyncio\windows_events.py", line 775, in _poll
    status = _overlapped.GetQueuedCompletionStatus(self._iocp, ms)

2026-10-08 04:09:02,866 [WARNING] disnake.gateway: Shard ID None heartbeat blocked for more than 150 seconds.
Loop thread traceback (most recent call last):
  File "C:\Users\user\Desktop\12345\main.py", line 179, in <module>
    asyncio.run(main())
  File "C:\Users\user\AppData\Local\Python\pythoncore-3.14-64\Lib\asyncio\runners.py", line 204, in run
    return runner.run(main)
  File "C:\Users\user\AppData\Local\Python\pythoncore-3.14-64\Lib\asyncio\runners.py", line 127, in run
    return self._loop.run_until_complete(task)
  File "C:\Users\user\AppData\Local\Python\pythoncore-3.14-64\Lib\asyncio\base_events.py", line 706, in run_until_complete
    self.run_forever()
  File "C:\Users\user\AppData\Local\Python\pythoncore-3.14-64\Lib\asyncio\base_events.py", line 677, in run_forever
    self._run_once()
  File "C:\Users\user\AppData\Local\Python\pythoncore-3.14-64\Lib\asyncio\base_events.py", line 2019, in _run_once
    event_list = self._selector.select(timeout)
  File "C:\Users\user\AppData\Local\Python\pythoncore-3.14-64\Lib\asyncio\windows_events.py", line 446, in select
    self._poll(timeout)
  File "C:\Users\user\AppData\Local\Python\pythoncore-3.14-64\Lib\asyncio\windows_events.py", line 775, in _poll
    status = _overlapped.GetQueuedCompletionStatus(self._iocp, ms)

2026-10-08 04:09:10,459 [WARNING] disnake.gateway: Can't keep up, shard ID None websocket is 199.0s behind.
2026-10-08 04:09:12,873 [WARNING] disnake.gateway: Shard ID None heartbeat blocked for more than 160 seconds.
Loop thread traceback (most recent call last):
  File "C:\Users\user\Desktop\12345\main.py", line 179, in <module>
    asyncio.run(main())
  File "C:\Users\user\AppData\Local\Python\pythoncore-3.14-64\Lib\asyncio\runners.py", line 204, in run
    return runner.run(main)
  File "C:\Users\user\AppData\Local\Python\pythoncore-3.14-64\Lib\asyncio\runners.py", line 127, in run
    return self._loop.run_until_complete(task)
  File "C:\Users\user\AppData\Local\Python\pythoncore-3.14-64\Lib\asyncio\base_events.py", line 706, in run_until_complete
    self.run_forever()
  File "C:\Users\user\AppData\Local\Python\pythoncore-3.14-64\Lib\asyncio\base_events.py", line 677, in run_forever
    self._run_once()
  File "C:\Users\user\AppData\Local\Python\pythoncore-3.14-64\Lib\asyncio\base_events.py", line 2019, in _run_once
    event_list = self._selector.select(timeout)
  File "C:\Users\user\AppData\Local\Python\pythoncore-3.14-64\Lib\asyncio\windows_events.py", line 446, in select
    self._poll(timeout)
  File "C:\Users\user\AppData\Local\Python\pythoncore-3.14-64\Lib\asyncio\windows_events.py", line 775, in _poll
    status = _overlapped.GetQueuedCompletionStatus(self._iocp, ms)

2026-10-08 04:09:22,881 [WARNING] disnake.gateway: Shard ID None heartbeat blocked for more than 170 seconds.
Loop thread traceback (most recent call last):
  File "C:\Users\user\Desktop\12345\main.py", line 179, in <module>
    asyncio.run(main())
  File "C:\Users\user\AppData\Local\Python\pythoncore-3.14-64\Lib\asyncio\runners.py", line 204, in run
    return runner.run(main)
  File "C:\Users\user\AppData\Local\Python\pythoncore-3.14-64\Lib\asyncio\runners.py", line 127, in run
    return self._loop.run_until_complete(task)
  File "C:\Users\user\AppData\Local\Python\pythoncore-3.14-64\Lib\asyncio\base_events.py", line 706, in run_until_complete
    self.run_forever()
  File "C:\Users\user\AppData\Local\Python\pythoncore-3.14-64\Lib\asyncio\base_events.py", line 677, in run_forever
    self._run_once()
  File "C:\Users\user\AppData\Local\Python\pythoncore-3.14-64\Lib\asyncio\base_events.py", line 2019, in _run_once
    event_list = self._selector.select(timeout)
  File "C:\Users\user\AppData\Local\Python\pythoncore-3.14-64\Lib\asyncio\windows_events.py", line 446, in select
    self._poll(timeout)
  File "C:\Users\user\AppData\Local\Python\pythoncore-3.14-64\Lib\asyncio\windows_events.py", line 775, in _poll
    status = _overlapped.GetQueuedCompletionStatus(self._iocp, ms)

2026-10-08 04:09:32,887 [WARNING] disnake.gateway: Shard ID None heartbeat blocked for more than 180 seconds.
Loop thread traceback (most recent call last):
  File "C:\Users\user\Desktop\12345\main.py", line 179, in <module>
    asyncio.run(main())
  File "C:\Users\user\AppData\Local\Python\pythoncore-3.14-64\Lib\asyncio\runners.py", line 204, in run
    return runner.run(main)
  File "C:\Users\user\AppData\Local\Python\pythoncore-3.14-64\Lib\asyncio\runners.py", line 127, in run
    return self._loop.run_until_complete(task)
  File "C:\Users\user\AppData\Local\Python\pythoncore-3.14-64\Lib\asyncio\base_events.py", line 706, in run_until_complete
    self.run_forever()
  File "C:\Users\user\AppData\Local\Python\pythoncore-3.14-64\Lib\asyncio\base_events.py", line 677, in run_forever
    self._run_once()
  File "C:\Users\user\AppData\Local\Python\pythoncore-3.14-64\Lib\asyncio\base_events.py", line 2019, in _run_once
    event_list = self._selector.select(timeout)
  File "C:\Users\user\AppData\Local\Python\pythoncore-3.14-64\Lib\asyncio\windows_events.py", line 446, in select
    self._poll(timeout)
  File "C:\Users\user\AppData\Local\Python\pythoncore-3.14-64\Lib\asyncio\windows_events.py", line 775, in _poll
    status = _overlapped.GetQueuedCompletionStatus(self._iocp, ms)

2026-10-08 04:09:42,894 [WARNING] disnake.gateway: Shard ID None heartbeat blocked for more than 190 seconds.
Loop thread traceback (most recent call last):
  File "C:\Users\user\Desktop\12345\main.py", line 179, in <module>
    asyncio.run(main())
  File "C:\Users\user\AppData\Local\Python\pythoncore-3.14-64\Lib\asyncio\runners.py", line 204, in run
    return runner.run(main)
  File "C:\Users\user\AppData\Local\Python\pythoncore-3.14-64\Lib\asyncio\runners.py", line 127, in run
    return self._loop.run_until_complete(task)
  File "C:\Users\user\AppData\Local\Python\pythoncore-3.14-64\Lib\asyncio\base_events.py", line 706, in run_until_complete
    self.run_forever()
  File "C:\Users\user\AppData\Local\Python\pythoncore-3.14-64\Lib\asyncio\base_events.py", line 677, in run_forever
    self._run_once()
  File "C:\Users\user\AppData\Local\Python\pythoncore-3.14-64\Lib\asyncio\base_events.py", line 2019, in _run_once
    event_list = self._selector.select(timeout)
  File "C:\Users\user\AppData\Local\Python\pythoncore-3.14-64\Lib\asyncio\windows_events.py", line 446, in select
    self._poll(timeout)
  File "C:\Users\user\AppData\Local\Python\pythoncore-3.14-64\Lib\asyncio\windows_events.py", line 775, in _poll
    status = _overlapped.GetQueuedCompletionStatus(self._iocp, ms)

2026-10-08 04:09:52,901 [WARNING] disnake.gateway: Shard ID None heartbeat blocked for more than 200 seconds.
Loop thread traceback (most recent call last):
  File "C:\Users\user\Desktop\12345\main.py", line 179, in <module>
    asyncio.run(main())
  File "C:\Users\user\AppData\Local\Python\pythoncore-3.14-64\Lib\asyncio\runners.py", line 204, in run
    return runner.run(main)
  File "C:\Users\user\AppData\Local\Python\pythoncore-3.14-64\Lib\asyncio\runners.py", line 127, in run
    return self._loop.run_until_complete(task)
  File "C:\Users\user\AppData\Local\Python\pythoncore-3.14-64\Lib\asyncio\base_events.py", line 706, in run_until_complete
    self.run_forever()
  File "C:\Users\user\AppData\Local\Python\pythoncore-3.14-64\Lib\asyncio\base_events.py", line 677, in run_forever
    self._run_once()
  File "C:\Users\user\AppData\Local\Python\pythoncore-3.14-64\Lib\asyncio\base_events.py", line 2019, in _run_once
    event_list = self._selector.select(timeout)
  File "C:\Users\user\AppData\Local\Python\pythoncore-3.14-64\Lib\asyncio\windows_events.py", line 446, in select
    self._poll(timeout)
  File "C:\Users\user\AppData\Local\Python\pythoncore-3.14-64\Lib\asyncio\windows_events.py", line 775, in _poll
    status = _overlapped.GetQueuedCompletionStatus(self._iocp, ms)

2026-10-08 04:10:00,146 [WARNING] disnake.gateway: Can't keep up, shard ID None websocket is 248.7s behind.
2026-10-08 04:10:02,909 [WARNING] disnake.gateway: Shard ID None heartbeat blocked for more than 210 seconds.
Loop thread traceback (most recent call last):
  File "C:\Users\user\Desktop\12345\main.py", line 179, in <module>
    asyncio.run(main())
  File "C:\Users\user\AppData\Local\Python\pythoncore-3.14-64\Lib\asyncio\runners.py", line 204, in run
    return runner.run(main)
  File "C:\Users\user\AppData\Local\Python\pythoncore-3.14-64\Lib\asyncio\runners.py", line 127, in run
    return self._loop.run_until_complete(task)
  File "C:\Users\user\AppData\Local\Python\pythoncore-3.14-64\Lib\asyncio\base_events.py", line 706, in run_until_complete
    self.run_forever()
  File "C:\Users\user\AppData\Local\Python\pythoncore-3.14-64\Lib\asyncio\base_events.py", line 677, in run_forever
    self._run_once()
  File "C:\Users\user\AppData\Local\Python\pythoncore-3.14-64\Lib\asyncio\base_events.py", line 2019, in _run_once
    event_list = self._selector.select(timeout)
  File "C:\Users\user\AppData\Local\Python\pythoncore-3.14-64\Lib\asyncio\windows_events.py", line 446, in select
    self._poll(timeout)
  File "C:\Users\user\AppData\Local\Python\pythoncore-3.14-64\Lib\asyncio\windows_events.py", line 775, in _poll
    status = _overlapped.GetQueuedCompletionStatus(self._iocp, ms)

2026-10-08 04:10:12,911 [WARNING] disnake.gateway: Shard ID None heartbeat blocked for more than 220 seconds.
Loop thread traceback (most recent call last):
  File "C:\Users\user\Desktop\12345\main.py", line 179, in <module>
    asyncio.run(main())
  File "C:\Users\user\AppData\Local\Python\pythoncore-3.14-64\Lib\asyncio\runners.py", line 204, in run
    return runner.run(main)
  File "C:\Users\user\AppData\Local\Python\pythoncore-3.14-64\Lib\asyncio\runners.py", line 127, in run
    return self._loop.run_until_complete(task)
  File "C:\Users\user\AppData\Local\Python\pythoncore-3.14-64\Lib\asyncio\base_events.py", line 706, in run_until_complete
    self.run_forever()
  File "C:\Users\user\AppData\Local\Python\pythoncore-3.14-64\Lib\asyncio\base_events.py", line 677, in run_forever
    self._run_once()
  File "C:\Users\user\AppData\Local\Python\pythoncore-3.14-64\Lib\asyncio\base_events.py", line 2019, in _run_once
    event_list = self._selector.select(timeout)
  File "C:\Users\user\AppData\Local\Python\pythoncore-3.14-64\Lib\asyncio\windows_events.py", line 446, in select
    self._poll(timeout)
  File "C:\Users\user\AppData\Local\Python\pythoncore-3.14-64\Lib\asyncio\windows_events.py", line 775, in _poll
    status = _overlapped.GetQueuedCompletionStatus(self._iocp, ms)

2026-10-08 04:10:22,925 [WARNING] disnake.gateway: Shard ID None heartbeat blocked for more than 230 seconds.
Loop thread traceback (most recent call last):
  File "C:\Users\user\Desktop\12345\main.py", line 179, in <module>
    asyncio.run(main())
  File "C:\Users\user\AppData\Local\Python\pythoncore-3.14-64\Lib\asyncio\runners.py", line 204, in run
    return runner.run(main)
  File "C:\Users\user\AppData\Local\Python\pythoncore-3.14-64\Lib\asyncio\runners.py", line 127, in run
    return self._loop.run_until_complete(task)
  File "C:\Users\user\AppData\Local\Python\pythoncore-3.14-64\Lib\asyncio\base_events.py", line 706, in run_until_complete
    self.run_forever()
  File "C:\Users\user\AppData\Local\Python\pythoncore-3.14-64\Lib\asyncio\base_events.py", line 677, in run_forever
    self._run_once()
  File "C:\Users\user\AppData\Local\Python\pythoncore-3.14-64\Lib\asyncio\base_events.py", line 2019, in _run_once
    event_list = self._selector.select(timeout)
  File "C:\Users\user\AppData\Local\Python\pythoncore-3.14-64\Lib\asyncio\windows_events.py", line 446, in select
    self._poll(timeout)
  File "C:\Users\user\AppData\Local\Python\pythoncore-3.14-64\Lib\asyncio\windows_events.py", line 775, in _poll
    status = _overlapped.GetQueuedCompletionStatus(self._iocp, ms)

2026-10-08 04:10:32,931 [WARNING] disnake.gateway: Shard ID None heartbeat blocked for more than 240 seconds.
Loop thread traceback (most recent call last):
  File "C:\Users\user\Desktop\12345\main.py", line 179, in <module>
    asyncio.run(main())
  File "C:\Users\user\AppData\Local\Python\pythoncore-3.14-64\Lib\asyncio\runners.py", line 204, in run
    return runner.run(main)
  File "C:\Users\user\AppData\Local\Python\pythoncore-3.14-64\Lib\asyncio\runners.py", line 127, in run
    return self._loop.run_until_complete(task)
  File "C:\Users\user\AppData\Local\Python\pythoncore-3.14-64\Lib\asyncio\base_events.py", line 706, in run_until_complete
    self.run_forever()
  File "C:\Users\user\AppData\Local\Python\pythoncore-3.14-64\Lib\asyncio\base_events.py", line 677, in run_forever
    self._run_once()
  File "C:\Users\user\AppData\Local\Python\pythoncore-3.14-64\Lib\asyncio\base_events.py", line 2019, in _run_once
    event_list = self._selector.select(timeout)
  File "C:\Users\user\AppData\Local\Python\pythoncore-3.14-64\Lib\asyncio\windows_events.py", line 446, in select
    self._poll(timeout)
  File "C:\Users\user\AppData\Local\Python\pythoncore-3.14-64\Lib\asyncio\windows_events.py", line 775, in _poll
    status = _overlapped.GetQueuedCompletionStatus(self._iocp, ms)

2026-10-08 04:10:42,938 [WARNING] disnake.gateway: Shard ID None heartbeat blocked for more than 250 seconds.
Loop thread traceback (most recent call last):
  File "C:\Users\user\Desktop\12345\main.py", line 179, in <module>
    asyncio.run(main())
  File "C:\Users\user\AppData\Local\Python\pythoncore-3.14-64\Lib\asyncio\runners.py", line 204, in run
    return runner.run(main)
  File "C:\Users\user\AppData\Local\Python\pythoncore-3.14-64\Lib\asyncio\runners.py", line 127, in run
    return self._loop.run_until_complete(task)
  File "C:\Users\user\AppData\Local\Python\pythoncore-3.14-64\Lib\asyncio\base_events.py", line 706, in run_until_complete
    self.run_forever()
  File "C:\Users\user\AppData\Local\Python\pythoncore-3.14-64\Lib\asyncio\base_events.py", line 677, in run_forever
    self._run_once()
  File "C:\Users\user\AppData\Local\Python\pythoncore-3.14-64\Lib\asyncio\base_events.py", line 2019, in _run_once
    event_list = self._selector.select(timeout)
  File "C:\Users\user\AppData\Local\Python\pythoncore-3.14-64\Lib\asyncio\windows_events.py", line 446, in select
    self._poll(timeout)
  File "C:\Users\user\AppData\Local\Python\pythoncore-3.14-64\Lib\asyncio\windows_events.py", line 775, in _poll
    status = _overlapped.GetQueuedCompletionStatus(self._iocp, ms)

2026-10-08 04:10:49,834 [WARNING] disnake.gateway: Can't keep up, shard ID None websocket is 298.4s behind.
2026-10-08 04:10:52,943 [WARNING] disnake.gateway: Shard ID None heartbeat blocked for more than 260 seconds.
Loop thread traceback (most recent call last):
  File "C:\Users\user\Desktop\12345\main.py", line 179, in <module>
    asyncio.run(main())
  File "C:\Users\user\AppData\Local\Python\pythoncore-3.14-64\Lib\asyncio\runners.py", line 204, in run
    return runner.run(main)
  File "C:\Users\user\AppData\Local\Python\pythoncore-3.14-64\Lib\asyncio\runners.py", line 127, in run
    return self._loop.run_until_complete(task)
  File "C:\Users\user\AppData\Local\Python\pythoncore-3.14-64\Lib\asyncio\base_events.py", line 706, in run_until_complete
    self.run_forever()
  File "C:\Users\user\AppData\Local\Python\pythoncore-3.14-64\Lib\asyncio\base_events.py", line 677, in run_forever
    self._run_once()
  File "C:\Users\user\AppData\Local\Python\pythoncore-3.14-64\Lib\asyncio\base_events.py", line 2019, in _run_once
    event_list = self._selector.select(timeout)
  File "C:\Users\user\AppData\Local\Python\pythoncore-3.14-64\Lib\asyncio\windows_events.py", line 446, in select
    self._poll(timeout)
  File "C:\Users\user\AppData\Local\Python\pythoncore-3.14-64\Lib\asyncio\windows_events.py", line 775, in _poll
    status = _overlapped.GetQueuedCompletionStatus(self._iocp, ms)

2026-10-08 04:11:02,945 [WARNING] disnake.gateway: Shard ID None heartbeat blocked for more than 270 seconds.
Loop thread traceback (most recent call last):
  File "C:\Users\user\Desktop\12345\main.py", line 179, in <module>
    asyncio.run(main())
  File "C:\Users\user\AppData\Local\Python\pythoncore-3.14-64\Lib\asyncio\runners.py", line 204, in run
    return runner.run(main)
  File "C:\Users\user\AppData\Local\Python\pythoncore-3.14-64\Lib\asyncio\runners.py", line 127, in run
    return self._loop.run_until_complete(task)
  File "C:\Users\user\AppData\Local\Python\pythoncore-3.14-64\Lib\asyncio\base_events.py", line 706, in run_until_complete
    self.run_forever()
  File "C:\Users\user\AppData\Local\Python\pythoncore-3.14-64\Lib\asyncio\base_events.py", line 677, in run_forever
    self._run_once()
  File "C:\Users\user\AppData\Local\Python\pythoncore-3.14-64\Lib\asyncio\base_events.py", line 2019, in _run_once
    event_list = self._selector.select(timeout)
  File "C:\Users\user\AppData\Local\Python\pythoncore-3.14-64\Lib\asyncio\windows_events.py", line 446, in select
    self._poll(timeout)
  File "C:\Users\user\AppData\Local\Python\pythoncore-3.14-64\Lib\asyncio\windows_events.py", line 775, in _poll
    status = _overlapped.GetQueuedCompletionStatus(self._iocp, ms)

2026-10-08 04:11:12,945 [WARNING] disnake.gateway: Shard ID None heartbeat blocked for more than 280 seconds.
Loop thread traceback (most recent call last):
  File "C:\Users\user\Desktop\12345\main.py", line 179, in <module>
    asyncio.run(main())
  File "C:\Users\user\AppData\Local\Python\pythoncore-3.14-64\Lib\asyncio\runners.py", line 204, in run
    return runner.run(main)
  File "C:\Users\user\AppData\Local\Python\pythoncore-3.14-64\Lib\asyncio\runners.py", line 127, in run
    return self._loop.run_until_complete(task)
  File "C:\Users\user\AppData\Local\Python\pythoncore-3.14-64\Lib\asyncio\base_events.py", line 706, in run_until_complete
    self.run_forever()
  File "C:\Users\user\AppData\Local\Python\pythoncore-3.14-64\Lib\asyncio\base_events.py", line 677, in run_forever
    self._run_once()
  File "C:\Users\user\AppData\Local\Python\pythoncore-3.14-64\Lib\asyncio\base_events.py", line 2019, in _run_once
    event_list = self._selector.select(timeout)
  File "C:\Users\user\AppData\Local\Python\pythoncore-3.14-64\Lib\asyncio\windows_events.py", line 446, in select
    self._poll(timeout)
  File "C:\Users\user\AppData\Local\Python\pythoncore-3.14-64\Lib\asyncio\windows_events.py", line 775, in _poll
    status = _overlapped.GetQueuedCompletionStatus(self._iocp, ms)

2026-10-08 04:11:22,961 [WARNING] disnake.gateway: Shard ID None heartbeat blocked for more than 290 seconds.
Loop thread traceback (most recent call last):
  File "C:\Users\user\Desktop\12345\main.py", line 179, in <module>
    asyncio.run(main())
  File "C:\Users\user\AppData\Local\Python\pythoncore-3.14-64\Lib\asyncio\runners.py", line 204, in run
    return runner.run(main)
  File "C:\Users\user\AppData\Local\Python\pythoncore-3.14-64\Lib\asyncio\runners.py", line 127, in run
    return self._loop.run_until_complete(task)
  File "C:\Users\user\AppData\Local\Python\pythoncore-3.14-64\Lib\asyncio\base_events.py", line 706, in run_until_complete
    self.run_forever()
  File "C:\Users\user\AppData\Local\Python\pythoncore-3.14-64\Lib\asyncio\base_events.py", line 677, in run_forever
    self._run_once()
  File "C:\Users\user\AppData\Local\Python\pythoncore-3.14-64\Lib\asyncio\base_events.py", line 2019, in _run_once
    event_list = self._selector.select(timeout)
  File "C:\Users\user\AppData\Local\Python\pythoncore-3.14-64\Lib\asyncio\windows_events.py", line 446, in select
    self._poll(timeout)
  File "C:\Users\user\AppData\Local\Python\pythoncore-3.14-64\Lib\asyncio\windows_events.py", line 775, in _poll
    status = _overlapped.GetQueuedCompletionStatus(self._iocp, ms)

2026-10-08 04:11:32,965 [WARNING] disnake.gateway: Shard ID None heartbeat blocked for more than 300 seconds.
Loop thread traceback (most recent call last):
  File "C:\Users\user\Desktop\12345\main.py", line 179, in <module>
    asyncio.run(main())
  File "C:\Users\user\AppData\Local\Python\pythoncore-3.14-64\Lib\asyncio\runners.py", line 204, in run
    return runner.run(main)
  File "C:\Users\user\AppData\Local\Python\pythoncore-3.14-64\Lib\asyncio\runners.py", line 127, in run
    return self._loop.run_until_complete(task)
  File "C:\Users\user\AppData\Local\Python\pythoncore-3.14-64\Lib\asyncio\base_events.py", line 706, in run_until_complete
    self.run_forever()
  File "C:\Users\user\AppData\Local\Python\pythoncore-3.14-64\Lib\asyncio\base_events.py", line 677, in run_forever
    self._run_once()
  File "C:\Users\user\AppData\Local\Python\pythoncore-3.14-64\Lib\asyncio\base_events.py", line 2019, in _run_once
    event_list = self._selector.select(timeout)
  File "C:\Users\user\AppData\Local\Python\pythoncore-3.14-64\Lib\asyncio\windows_events.py", line 446, in select
    self._poll(timeout)
  File "C:\Users\user\AppData\Local\Python\pythoncore-3.14-64\Lib\asyncio\windows_events.py", line 775, in _poll
    status = _overlapped.GetQueuedCompletionStatus(self._iocp, ms)

2026-10-08 04:11:39,552 [WARNING] disnake.gateway: Can't keep up, shard ID None websocket is 348.1s behind.
2026-10-08 04:11:42,979 [WARNING] disnake.gateway: Shard ID None heartbeat blocked for more than 310 seconds.
Loop thread traceback (most recent call last):
  File "C:\Users\user\Desktop\12345\main.py", line 179, in <module>
    asyncio.run(main())
  File "C:\Users\user\AppData\Local\Python\pythoncore-3.14-64\Lib\asyncio\runners.py", line 204, in run
    return runner.run(main)
  File "C:\Users\user\AppData\Local\Python\pythoncore-3.14-64\Lib\asyncio\runners.py", line 127, in run
    return self._loop.run_until_complete(task)
  File "C:\Users\user\AppData\Local\Python\pythoncore-3.14-64\Lib\asyncio\base_events.py", line 706, in run_until_complete
    self.run_forever()
  File "C:\Users\user\AppData\Local\Python\pythoncore-3.14-64\Lib\asyncio\base_events.py", line 677, in run_forever
    self._run_once()
  File "C:\Users\user\AppData\Local\Python\pythoncore-3.14-64\Lib\asyncio\base_events.py", line 2019, in _run_once
    event_list = self._selector.select(timeout)
  File "C:\Users\user\AppData\Local\Python\pythoncore-3.14-64\Lib\asyncio\windows_events.py", line 446, in select
    self._poll(timeout)
  File "C:\Users\user\AppData\Local\Python\pythoncore-3.14-64\Lib\asyncio\windows_events.py", line 775, in _poll
    status = _overlapped.GetQueuedCompletionStatus(self._iocp, ms)

2026-10-08 04:11:52,994 [WARNING] disnake.gateway: Shard ID None heartbeat blocked for more than 320 seconds.
Loop thread traceback (most recent call last):
  File "C:\Users\user\Desktop\12345\main.py", line 179, in <module>
    asyncio.run(main())
  File "C:\Users\user\AppData\Local\Python\pythoncore-3.14-64\Lib\asyncio\runners.py", line 204, in run
    return runner.run(main)
  File "C:\Users\user\AppData\Local\Python\pythoncore-3.14-64\Lib\asyncio\runners.py", line 127, in run
    return self._loop.run_until_complete(task)
  File "C:\Users\user\AppData\Local\Python\pythoncore-3.14-64\Lib\asyncio\base_events.py", line 706, in run_until_complete
    self.run_forever()
  File "C:\Users\user\AppData\Local\Python\pythoncore-3.14-64\Lib\asyncio\base_events.py", line 677, in run_forever
    self._run_once()
  File "C:\Users\user\AppData\Local\Python\pythoncore-3.14-64\Lib\asyncio\base_events.py", line 2019, in _run_once
    event_list = self._selector.select(timeout)
  File "C:\Users\user\AppData\Local\Python\pythoncore-3.14-64\Lib\asyncio\windows_events.py", line 446, in select
    self._poll(timeout)
  File "C:\Users\user\AppData\Local\Python\pythoncore-3.14-64\Lib\asyncio\windows_events.py", line 775, in _poll
    status = _overlapped.GetQueuedCompletionStatus(self._iocp, ms)

2026-10-08 04:12:02,998 [WARNING] disnake.gateway: Shard ID None heartbeat blocked for more than 330 seconds.
Loop thread traceback (most recent call last):
  File "C:\Users\user\Desktop\12345\main.py", line 179, in <module>
    asyncio.run(main())
  File "C:\Users\user\AppData\Local\Python\pythoncore-3.14-64\Lib\asyncio\runners.py", line 204, in run
    return runner.run(main)
  File "C:\Users\user\AppData\Local\Python\pythoncore-3.14-64\Lib\asyncio\runners.py", line 127, in run
    return self._loop.run_until_complete(task)
  File "C:\Users\user\AppData\Local\Python\pythoncore-3.14-64\Lib\asyncio\base_events.py", line 706, in run_until_complete
    self.run_forever()
  File "C:\Users\user\AppData\Local\Python\pythoncore-3.14-64\Lib\asyncio\base_events.py", line 677, in run_forever
    self._run_once()
  File "C:\Users\user\AppData\Local\Python\pythoncore-3.14-64\Lib\asyncio\base_events.py", line 2019, in _run_once
    event_list = self._selector.select(timeout)
  File "C:\Users\user\AppData\Local\Python\pythoncore-3.14-64\Lib\asyncio\windows_events.py", line 446, in select
    self._poll(timeout)
  File "C:\Users\user\AppData\Local\Python\pythoncore-3.14-64\Lib\asyncio\windows_events.py", line 775, in _poll
    status = _overlapped.GetQueuedCompletionStatus(self._iocp, ms)

2026-10-08 04:12:13,001 [WARNING] disnake.gateway: Shard ID None heartbeat blocked for more than 340 seconds.
Loop thread traceback (most recent call last):
  File "C:\Users\user\Desktop\12345\main.py", line 179, in <module>
    asyncio.run(main())
  File "C:\Users\user\AppData\Local\Python\pythoncore-3.14-64\Lib\asyncio\runners.py", line 204, in run
    return runner.run(main)
  File "C:\Users\user\AppData\Local\Python\pythoncore-3.14-64\Lib\asyncio\runners.py", line 127, in run
    return self._loop.run_until_complete(task)
  File "C:\Users\user\AppData\Local\Python\pythoncore-3.14-64\Lib\asyncio\base_events.py", line 706, in run_until_complete
    self.run_forever()
  File "C:\Users\user\AppData\Local\Python\pythoncore-3.14-64\Lib\asyncio\base_events.py", line 677, in run_forever
    self._run_once()
  File "C:\Users\user\AppData\Local\Python\pythoncore-3.14-64\Lib\asyncio\base_events.py", line 2019, in _run_once
    event_list = self._selector.select(timeout)
  File "C:\Users\user\AppData\Local\Python\pythoncore-3.14-64\Lib\asyncio\windows_events.py", line 446, in select
    self._poll(timeout)
  File "C:\Users\user\AppData\Local\Python\pythoncore-3.14-64\Lib\asyncio\windows_events.py", line 775, in _poll
    status = _overlapped.GetQueuedCompletionStatus(self._iocp, ms)

2026-10-08 04:12:23,003 [WARNING] disnake.gateway: Shard ID None heartbeat blocked for more than 350 seconds.
Loop thread traceback (most recent call last):
  File "C:\Users\user\Desktop\12345\main.py", line 179, in <module>
    asyncio.run(main())
  File "C:\Users\user\AppData\Local\Python\pythoncore-3.14-64\Lib\asyncio\runners.py", line 204, in run
    return runner.run(main)
  File "C:\Users\user\AppData\Local\Python\pythoncore-3.14-64\Lib\asyncio\runners.py", line 127, in run
    return self._loop.run_until_complete(task)
  File "C:\Users\user\AppData\Local\Python\pythoncore-3.14-64\Lib\asyncio\base_events.py", line 706, in run_until_complete
    self.run_forever()
  File "C:\Users\user\AppData\Local\Python\pythoncore-3.14-64\Lib\asyncio\base_events.py", line 677, in run_forever
    self._run_once()
  File "C:\Users\user\AppData\Local\Python\pythoncore-3.14-64\Lib\asyncio\base_events.py", line 2019, in _run_once
    event_list = self._selector.select(timeout)
  File "C:\Users\user\AppData\Local\Python\pythoncore-3.14-64\Lib\asyncio\windows_events.py", line 446, in select
    self._poll(timeout)
  File "C:\Users\user\AppData\Local\Python\pythoncore-3.14-64\Lib\asyncio\windows_events.py", line 775, in _poll
    status = _overlapped.GetQueuedCompletionStatus(self._iocp, ms)

2026-10-08 04:12:29,241 [WARNING] disnake.gateway: Can't keep up, shard ID None websocket is 397.8s behind.
2026-10-08 04:12:33,015 [WARNING] disnake.gateway: Shard ID None heartbeat blocked for more than 360 seconds.
Loop thread traceback (most recent call last):
  File "C:\Users\user\Desktop\12345\main.py", line 179, in <module>
    asyncio.run(main())
  File "C:\Users\user\AppData\Local\Python\pythoncore-3.14-64\Lib\asyncio\runners.py", line 204, in run
    return runner.run(main)
  File "C:\Users\user\AppData\Local\Python\pythoncore-3.14-64\Lib\asyncio\runners.py", line 127, in run
    return self._loop.run_until_complete(task)
  File "C:\Users\user\AppData\Local\Python\pythoncore-3.14-64\Lib\asyncio\base_events.py", line 706, in run_until_complete
    self.run_forever()
  File "C:\Users\user\AppData\Local\Python\pythoncore-3.14-64\Lib\asyncio\base_events.py", line 677, in run_forever
    self._run_once()
  File "C:\Users\user\AppData\Local\Python\pythoncore-3.14-64\Lib\asyncio\base_events.py", line 2019, in _run_once
    event_list = self._selector.select(timeout)
  File "C:\Users\user\AppData\Local\Python\pythoncore-3.14-64\Lib\asyncio\windows_events.py", line 446, in select
    self._poll(timeout)
  File "C:\Users\user\AppData\Local\Python\pythoncore-3.14-64\Lib\asyncio\windows_events.py", line 775, in _poll
    status = _overlapped.GetQueuedCompletionStatus(self._iocp, ms)

2026-10-08 04:12:43,016 [WARNING] disnake.gateway: Shard ID None heartbeat blocked for more than 370 seconds.
Loop thread traceback (most recent call last):
  File "C:\Users\user\Desktop\12345\main.py", line 179, in <module>
    asyncio.run(main())
  File "C:\Users\user\AppData\Local\Python\pythoncore-3.14-64\Lib\asyncio\runners.py", line 204, in run
    return runner.run(main)
  File "C:\Users\user\AppData\Local\Python\pythoncore-3.14-64\Lib\asyncio\runners.py", line 127, in run
    return self._loop.run_until_complete(task)
  File "C:\Users\user\AppData\Local\Python\pythoncore-3.14-64\Lib\asyncio\base_events.py", line 706, in run_until_complete
    self.run_forever()
  File "C:\Users\user\AppData\Local\Python\pythoncore-3.14-64\Lib\asyncio\base_events.py", line 677, in run_forever
    self._run_once()
  File "C:\Users\user\AppData\Local\Python\pythoncore-3.14-64\Lib\asyncio\base_events.py", line 2019, in _run_once
    event_list = self._selector.select(timeout)
  File "C:\Users\user\AppData\Local\Python\pythoncore-3.14-64\Lib\asyncio\windows_events.py", line 446, in select
    self._poll(timeout)
  File "C:\Users\user\AppData\Local\Python\pythoncore-3.14-64\Lib\asyncio\windows_events.py", line 775, in _poll
    status = _overlapped.GetQueuedCompletionStatus(self._iocp, ms)

2026-10-08 04:12:53,020 [WARNING] disnake.gateway: Shard ID None heartbeat blocked for more than 380 seconds.
Loop thread traceback (most recent call last):
  File "C:\Users\user\Desktop\12345\main.py", line 179, in <module>
    asyncio.run(main())
  File "C:\Users\user\AppData\Local\Python\pythoncore-3.14-64\Lib\asyncio\runners.py", line 204, in run
    return runner.run(main)
  File "C:\Users\user\AppData\Local\Python\pythoncore-3.14-64\Lib\asyncio\runners.py", line 127, in run
    return self._loop.run_until_complete(task)
  File "C:\Users\user\AppData\Local\Python\pythoncore-3.14-64\Lib\asyncio\base_events.py", line 706, in run_until_complete
    self.run_forever()
  File "C:\Users\user\AppData\Local\Python\pythoncore-3.14-64\Lib\asyncio\base_events.py", line 677, in run_forever
    self._run_once()
  File "C:\Users\user\AppData\Local\Python\pythoncore-3.14-64\Lib\asyncio\base_events.py", line 2019, in _run_once
    event_list = self._selector.select(timeout)
  File "C:\Users\user\AppData\Local\Python\pythoncore-3.14-64\Lib\asyncio\windows_events.py", line 446, in select
    self._poll(timeout)
  File "C:\Users\user\AppData\Local\Python\pythoncore-3.14-64\Lib\asyncio\windows_events.py", line 775, in _poll
    status = _overlapped.GetQueuedCompletionStatus(self._iocp, ms)

2026-10-08 04:13:03,032 [WARNING] disnake.gateway: Shard ID None heartbeat blocked for more than 390 seconds.
Loop thread traceback (most recent call last):
  File "C:\Users\user\Desktop\12345\main.py", line 179, in <module>
    asyncio.run(main())
  File "C:\Users\user\AppData\Local\Python\pythoncore-3.14-64\Lib\asyncio\runners.py", line 204, in run
    return runner.run(main)
  File "C:\Users\user\AppData\Local\Python\pythoncore-3.14-64\Lib\asyncio\runners.py", line 127, in run
    return self._loop.run_until_complete(task)
  File "C:\Users\user\AppData\Local\Python\pythoncore-3.14-64\Lib\asyncio\base_events.py", line 706, in run_until_complete
    self.run_forever()
  File "C:\Users\user\AppData\Local\Python\pythoncore-3.14-64\Lib\asyncio\base_events.py", line 677, in run_forever
    self._run_once()
  File "C:\Users\user\AppData\Local\Python\pythoncore-3.14-64\Lib\asyncio\base_events.py", line 2019, in _run_once
    event_list = self._selector.select(timeout)
  File "C:\Users\user\AppData\Local\Python\pythoncore-3.14-64\Lib\asyncio\windows_events.py", line 446, in select
    self._poll(timeout)
  File "C:\Users\user\AppData\Local\Python\pythoncore-3.14-64\Lib\asyncio\windows_events.py", line 775, in _poll
    status = _overlapped.GetQueuedCompletionStatus(self._iocp, ms)

2026-10-08 04:13:13,047 [WARNING] disnake.gateway: Shard ID None heartbeat blocked for more than 400 seconds.
Loop thread traceback (most recent call last):
  File "C:\Users\user\Desktop\12345\main.py", line 179, in <module>
    asyncio.run(main())
  File "C:\Users\user\AppData\Local\Python\pythoncore-3.14-64\Lib\asyncio\runners.py", line 204, in run
    return runner.run(main)
  File "C:\Users\user\AppData\Local\Python\pythoncore-3.14-64\Lib\asyncio\runners.py", line 127, in run
    return self._loop.run_until_complete(task)
  File "C:\Users\user\AppData\Local\Python\pythoncore-3.14-64\Lib\asyncio\base_events.py", line 706, in run_until_complete
    self.run_forever()
  File "C:\Users\user\AppData\Local\Python\pythoncore-3.14-64\Lib\asyncio\base_events.py", line 677, in run_forever
    self._run_once()
  File "C:\Users\user\AppData\Local\Python\pythoncore-3.14-64\Lib\asyncio\base_events.py", line 2019, in _run_once
    event_list = self._selector.select(timeout)
  File "C:\Users\user\AppData\Local\Python\pythoncore-3.14-64\Lib\asyncio\windows_events.py", line 446, in select
    self._poll(timeout)
  File "C:\Users\user\AppData\Local\Python\pythoncore-3.14-64\Lib\asyncio\windows_events.py", line 775, in _poll
    status = _overlapped.GetQueuedCompletionStatus(self._iocp, ms)

2026-10-08 04:13:18,928 [WARNING] disnake.gateway: Can't keep up, shard ID None websocket is 447.5s behind.
2026-10-08 04:13:23,056 [WARNING] disnake.gateway: Shard ID None heartbeat blocked for more than 410 seconds.
Loop thread traceback (most recent call last):
  File "C:\Users\user\Desktop\12345\main.py", line 179, in <module>
    asyncio.run(main())
  File "C:\Users\user\AppData\Local\Python\pythoncore-3.14-64\Lib\asyncio\runners.py", line 204, in run
    return runner.run(main)
  File "C:\Users\user\AppData\Local\Python\pythoncore-3.14-64\Lib\asyncio\runners.py", line 127, in run
    return self._loop.run_until_complete(task)
  File "C:\Users\user\AppData\Local\Python\pythoncore-3.14-64\Lib\asyncio\base_events.py", line 706, in run_until_complete
    self.run_forever()
  File "C:\Users\user\AppData\Local\Python\pythoncore-3.14-64\Lib\asyncio\base_events.py", line 677, in run_forever
    self._run_once()
  File "C:\Users\user\AppData\Local\Python\pythoncore-3.14-64\Lib\asyncio\base_events.py", line 2019, in _run_once
    event_list = self._selector.select(timeout)
  File "C:\Users\user\AppData\Local\Python\pythoncore-3.14-64\Lib\asyncio\windows_events.py", line 446, in select
    self._poll(timeout)
  File "C:\Users\user\AppData\Local\Python\pythoncore-3.14-64\Lib\asyncio\windows_events.py", line 775, in _poll
    status = _overlapped.GetQueuedCompletionStatus(self._iocp, ms)

2026-10-08 04:13:33,069 [WARNING] disnake.gateway: Shard ID None heartbeat blocked for more than 420 seconds.
Loop thread traceback (most recent call last):
  File "C:\Users\user\Desktop\12345\main.py", line 179, in <module>
    asyncio.run(main())
  File "C:\Users\user\AppData\Local\Python\pythoncore-3.14-64\Lib\asyncio\runners.py", line 204, in run
    return runner.run(main)
  File "C:\Users\user\AppData\Local\Python\pythoncore-3.14-64\Lib\asyncio\runners.py", line 127, in run
    return self._loop.run_until_complete(task)
  File "C:\Users\user\AppData\Local\Python\pythoncore-3.14-64\Lib\asyncio\base_events.py", line 706, in run_until_complete
    self.run_forever()
  File "C:\Users\user\AppData\Local\Python\pythoncore-3.14-64\Lib\asyncio\base_events.py", line 677, in run_forever
    self._run_once()
  File "C:\Users\user\AppData\Local\Python\pythoncore-3.14-64\Lib\asyncio\base_events.py", line 2019, in _run_once
    event_list = self._selector.select(timeout)
  File "C:\Users\user\AppData\Local\Python\pythoncore-3.14-64\Lib\asyncio\windows_events.py", line 446, in select
    self._poll(timeout)
  File "C:\Users\user\AppData\Local\Python\pythoncore-3.14-64\Lib\asyncio\windows_events.py", line 775, in _poll
    status = _overlapped.GetQueuedCompletionStatus(self._iocp, ms)

2026-10-08 04:13:43,077 [WARNING] disnake.gateway: Shard ID None heartbeat blocked for more than 430 seconds.
Loop thread traceback (most recent call last):
  File "C:\Users\user\Desktop\12345\main.py", line 179, in <module>
    asyncio.run(main())
  File "C:\Users\user\AppData\Local\Python\pythoncore-3.14-64\Lib\asyncio\runners.py", line 204, in run
    return runner.run(main)
  File "C:\Users\user\AppData\Local\Python\pythoncore-3.14-64\Lib\asyncio\runners.py", line 127, in run
    return self._loop.run_until_complete(task)
  File "C:\Users\user\AppData\Local\Python\pythoncore-3.14-64\Lib\asyncio\base_events.py", line 706, in run_until_complete
    self.run_forever()
  File "C:\Users\user\AppData\Local\Python\pythoncore-3.14-64\Lib\asyncio\base_events.py", line 677, in run_forever
    self._run_once()
  File "C:\Users\user\AppData\Local\Python\pythoncore-3.14-64\Lib\asyncio\base_events.py", line 2019, in _run_once
    event_list = self._selector.select(timeout)
  File "C:\Users\user\AppData\Local\Python\pythoncore-3.14-64\Lib\asyncio\windows_events.py", line 446, in select
    self._poll(timeout)
  File "C:\Users\user\AppData\Local\Python\pythoncore-3.14-64\Lib\asyncio\windows_events.py", line 775, in _poll
    status = _overlapped.GetQueuedCompletionStatus(self._iocp, ms)

2026-10-08 04:13:53,083 [WARNING] disnake.gateway: Shard ID None heartbeat blocked for more than 440 seconds.
Loop thread traceback (most recent call last):
  File "C:\Users\user\Desktop\12345\main.py", line 179, in <module>
    asyncio.run(main())
  File "C:\Users\user\AppData\Local\Python\pythoncore-3.14-64\Lib\asyncio\runners.py", line 204, in run
    return runner.run(main)
  File "C:\Users\user\AppData\Local\Python\pythoncore-3.14-64\Lib\asyncio\runners.py", line 127, in run
    return self._loop.run_until_complete(task)
  File "C:\Users\user\AppData\Local\Python\pythoncore-3.14-64\Lib\asyncio\base_events.py", line 706, in run_until_complete
    self.run_forever()
  File "C:\Users\user\AppData\Local\Python\pythoncore-3.14-64\Lib\asyncio\base_events.py", line 677, in run_forever
    self._run_once()
  File "C:\Users\user\AppData\Local\Python\pythoncore-3.14-64\Lib\asyncio\base_events.py", line 2019, in _run_once
    event_list = self._selector.select(timeout)
  File "C:\Users\user\AppData\Local\Python\pythoncore-3.14-64\Lib\asyncio\windows_events.py", line 446, in select
    self._poll(timeout)
  File "C:\Users\user\AppData\Local\Python\pythoncore-3.14-64\Lib\asyncio\windows_events.py", line 775, in _poll
    status = _overlapped.GetQueuedCompletionStatus(self._iocp, ms)

2026-10-08 04:14:03,090 [WARNING] disnake.gateway: Shard ID None heartbeat blocked for more than 450 seconds.
Loop thread traceback (most recent call last):
  File "C:\Users\user\Desktop\12345\main.py", line 179, in <module>
    asyncio.run(main())
  File "C:\Users\user\AppData\Local\Python\pythoncore-3.14-64\Lib\asyncio\runners.py", line 204, in run
    return runner.run(main)
  File "C:\Users\user\AppData\Local\Python\pythoncore-3.14-64\Lib\asyncio\runners.py", line 127, in run
    return self._loop.run_until_complete(task)
  File "C:\Users\user\AppData\Local\Python\pythoncore-3.14-64\Lib\asyncio\base_events.py", line 706, in run_until_complete
    self.run_forever()
  File "C:\Users\user\AppData\Local\Python\pythoncore-3.14-64\Lib\asyncio\base_events.py", line 677, in run_forever
    self._run_once()
  File "C:\Users\user\AppData\Local\Python\pythoncore-3.14-64\Lib\asyncio\base_events.py", line 2019, in _run_once
    event_list = self._selector.select(timeout)
  File "C:\Users\user\AppData\Local\Python\pythoncore-3.14-64\Lib\asyncio\windows_events.py", line 446, in select
    self._poll(timeout)
  File "C:\Users\user\AppData\Local\Python\pythoncore-3.14-64\Lib\asyncio\windows_events.py", line 775, in _poll
    status = _overlapped.GetQueuedCompletionStatus(self._iocp, ms)

2026-10-08 04:14:08,692 [WARNING] disnake.gateway: Can't keep up, shard ID None websocket is 497.2s behind.
2026-10-08 04:14:13,096 [WARNING] disnake.gateway: Shard ID None heartbeat blocked for more than 460 seconds.
Loop thread traceback (most recent call last):
  File "C:\Users\user\Desktop\12345\main.py", line 179, in <module>
    asyncio.run(main())
  File "C:\Users\user\AppData\Local\Python\pythoncore-3.14-64\Lib\asyncio\runners.py", line 204, in run
    return runner.run(main)
  File "C:\Users\user\AppData\Local\Python\pythoncore-3.14-64\Lib\asyncio\runners.py", line 127, in run
    return self._loop.run_until_complete(task)
  File "C:\Users\user\AppData\Local\Python\pythoncore-3.14-64\Lib\asyncio\base_events.py", line 706, in run_until_complete
    self.run_forever()
  File "C:\Users\user\AppData\Local\Python\pythoncore-3.14-64\Lib\asyncio\base_events.py", line 677, in run_forever
    self._run_once()
  File "C:\Users\user\AppData\Local\Python\pythoncore-3.14-64\Lib\asyncio\base_events.py", line 2019, in _run_once
    event_list = self._selector.select(timeout)
  File "C:\Users\user\AppData\Local\Python\pythoncore-3.14-64\Lib\asyncio\windows_events.py", line 446, in select
    self._poll(timeout)
  File "C:\Users\user\AppData\Local\Python\pythoncore-3.14-64\Lib\asyncio\windows_events.py", line 775, in _poll
    status = _overlapped.GetQueuedCompletionStatus(self._iocp, ms)

2026-10-08 04:14:23,100 [WARNING] disnake.gateway: Shard ID None heartbeat blocked for more than 470 seconds.
Loop thread traceback (most recent call last):
  File "C:\Users\user\Desktop\12345\main.py", line 179, in <module>
    asyncio.run(main())
  File "C:\Users\user\AppData\Local\Python\pythoncore-3.14-64\Lib\asyncio\runners.py", line 204, in run
    return runner.run(main)
  File "C:\Users\user\AppData\Local\Python\pythoncore-3.14-64\Lib\asyncio\runners.py", line 127, in run
    return self._loop.run_until_complete(task)
  File "C:\Users\user\AppData\Local\Python\pythoncore-3.14-64\Lib\asyncio\base_events.py", line 706, in run_until_complete
    self.run_forever()
  File "C:\Users\user\AppData\Local\Python\pythoncore-3.14-64\Lib\asyncio\base_events.py", line 677, in run_forever
    self._run_once()
  File "C:\Users\user\AppData\Local\Python\pythoncore-3.14-64\Lib\asyncio\base_events.py", line 2019, in _run_once
    event_list = self._selector.select(timeout)
  File "C:\Users\user\AppData\Local\Python\pythoncore-3.14-64\Lib\asyncio\windows_events.py", line 446, in select
    self._poll(timeout)
  File "C:\Users\user\AppData\Local\Python\pythoncore-3.14-64\Lib\asyncio\windows_events.py", line 775, in _poll
    status = _overlapped.GetQueuedCompletionStatus(self._iocp, ms)

2026-10-08 04:14:33,107 [WARNING] disnake.gateway: Shard ID None heartbeat blocked for more than 480 seconds.
Loop thread traceback (most recent call last):
  File "C:\Users\user\Desktop\12345\main.py", line 179, in <module>
    asyncio.run(main())
  File "C:\Users\user\AppData\Local\Python\pythoncore-3.14-64\Lib\asyncio\runners.py", line 204, in run
    return runner.run(main)
  File "C:\Users\user\AppData\Local\Python\pythoncore-3.14-64\Lib\asyncio\runners.py", line 127, in run
    return self._loop.run_until_complete(task)
  File "C:\Users\user\AppData\Local\Python\pythoncore-3.14-64\Lib\asyncio\base_events.py", line 706, in run_until_complete
    self.run_forever()
  File "C:\Users\user\AppData\Local\Python\pythoncore-3.14-64\Lib\asyncio\base_events.py", line 677, in run_forever
    self._run_once()
  File "C:\Users\user\AppData\Local\Python\pythoncore-3.14-64\Lib\asyncio\base_events.py", line 2019, in _run_once
    event_list = self._selector.select(timeout)
  File "C:\Users\user\AppData\Local\Python\pythoncore-3.14-64\Lib\asyncio\windows_events.py", line 446, in select
    self._poll(timeout)
  File "C:\Users\user\AppData\Local\Python\pythoncore-3.14-64\Lib\asyncio\windows_events.py", line 775, in _poll
    status = _overlapped.GetQueuedCompletionStatus(self._iocp, ms)

2026-10-08 04:14:43,120 [WARNING] disnake.gateway: Shard ID None heartbeat blocked for more than 490 seconds.
Loop thread traceback (most recent call last):
  File "C:\Users\user\Desktop\12345\main.py", line 179, in <module>
    asyncio.run(main())
  File "C:\Users\user\AppData\Local\Python\pythoncore-3.14-64\Lib\asyncio\runners.py", line 204, in run
    return runner.run(main)
  File "C:\Users\user\AppData\Local\Python\pythoncore-3.14-64\Lib\asyncio\runners.py", line 127, in run
    return self._loop.run_until_complete(task)
  File "C:\Users\user\AppData\Local\Python\pythoncore-3.14-64\Lib\asyncio\base_events.py", line 706, in run_until_complete
    self.run_forever()
  File "C:\Users\user\AppData\Local\Python\pythoncore-3.14-64\Lib\asyncio\base_events.py", line 677, in run_forever
    self._run_once()
  File "C:\Users\user\AppData\Local\Python\pythoncore-3.14-64\Lib\asyncio\base_events.py", line 2019, in _run_once
    event_list = self._selector.select(timeout)
  File "C:\Users\user\AppData\Local\Python\pythoncore-3.14-64\Lib\asyncio\windows_events.py", line 446, in select
    self._poll(timeout)
  File "C:\Users\user\AppData\Local\Python\pythoncore-3.14-64\Lib\asyncio\windows_events.py", line 775, in _poll
    status = _overlapped.GetQueuedCompletionStatus(self._iocp, ms)

2026-10-08 04:14:53,123 [WARNING] disnake.gateway: Shard ID None heartbeat blocked for more than 500 seconds.
Loop thread traceback (most recent call last):
  File "C:\Users\user\Desktop\12345\main.py", line 179, in <module>
    asyncio.run(main())
  File "C:\Users\user\AppData\Local\Python\pythoncore-3.14-64\Lib\asyncio\runners.py", line 204, in run
    return runner.run(main)
  File "C:\Users\user\AppData\Local\Python\pythoncore-3.14-64\Lib\asyncio\runners.py", line 127, in run
    return self._loop.run_until_complete(task)
  File "C:\Users\user\AppData\Local\Python\pythoncore-3.14-64\Lib\asyncio\base_events.py", line 706, in run_until_complete
    self.run_forever()
  File "C:\Users\user\AppData\Local\Python\pythoncore-3.14-64\Lib\asyncio\base_events.py", line 677, in run_forever
    self._run_once()
  File "C:\Users\user\AppData\Local\Python\pythoncore-3.14-64\Lib\asyncio\base_events.py", line 2019, in _run_once
    event_list = self._selector.select(timeout)
  File "C:\Users\user\AppData\Local\Python\pythoncore-3.14-64\Lib\asyncio\windows_events.py", line 446, in select
    self._poll(timeout)
  File "C:\Users\user\AppData\Local\Python\pythoncore-3.14-64\Lib\asyncio\windows_events.py", line 775, in _poll
    status = _overlapped.GetQueuedCompletionStatus(self._iocp, ms)

2026-10-08 04:14:58,379 [WARNING] disnake.gateway: Can't keep up, shard ID None websocket is 546.9s behind.
2026-10-08 04:15:03,131 [WARNING] disnake.gateway: Shard ID None heartbeat blocked for more than 510 seconds.
Loop thread traceback (most recent call last):
  File "C:\Users\user\Desktop\12345\main.py", line 179, in <module>
    asyncio.run(main())
  File "C:\Users\user\AppData\Local\Python\pythoncore-3.14-64\Lib\asyncio\runners.py", line 204, in run
    return runner.run(main)
  File "C:\Users\user\AppData\Local\Python\pythoncore-3.14-64\Lib\asyncio\runners.py", line 127, in run
    return self._loop.run_until_complete(task)
  File "C:\Users\user\AppData\Local\Python\pythoncore-3.14-64\Lib\asyncio\base_events.py", line 706, in run_until_complete
    self.run_forever()
  File "C:\Users\user\AppData\Local\Python\pythoncore-3.14-64\Lib\asyncio\base_events.py", line 677, in run_forever
    self._run_once()
  File "C:\Users\user\AppData\Local\Python\pythoncore-3.14-64\Lib\asyncio\base_events.py", line 2019, in _run_once
    event_list = self._selector.select(timeout)
  File "C:\Users\user\AppData\Local\Python\pythoncore-3.14-64\Lib\asyncio\windows_events.py", line 446, in select
    self._poll(timeout)
  File "C:\Users\user\AppData\Local\Python\pythoncore-3.14-64\Lib\asyncio\windows_events.py", line 775, in _poll
    status = _overlapped.GetQueuedCompletionStatus(self._iocp, ms)

2026-10-08 04:15:13,133 [WARNING] disnake.gateway: Shard ID None heartbeat blocked for more than 520 seconds.
Loop thread traceback (most recent call last):
  File "C:\Users\user\Desktop\12345\main.py", line 179, in <module>
    asyncio.run(main())
  File "C:\Users\user\AppData\Local\Python\pythoncore-3.14-64\Lib\asyncio\runners.py", line 204, in run
    return runner.run(main)
  File "C:\Users\user\AppData\Local\Python\pythoncore-3.14-64\Lib\asyncio\runners.py", line 127, in run
    return self._loop.run_until_complete(task)
  File "C:\Users\user\AppData\Local\Python\pythoncore-3.14-64\Lib\asyncio\base_events.py", line 706, in run_until_complete
    self.run_forever()
  File "C:\Users\user\AppData\Local\Python\pythoncore-3.14-64\Lib\asyncio\base_events.py", line 677, in run_forever
    self._run_once()
  File "C:\Users\user\AppData\Local\Python\pythoncore-3.14-64\Lib\asyncio\base_events.py", line 2019, in _run_once
    event_list = self._selector.select(timeout)
  File "C:\Users\user\AppData\Local\Python\pythoncore-3.14-64\Lib\asyncio\windows_events.py", line 446, in select
    self._poll(timeout)
  File "C:\Users\user\AppData\Local\Python\pythoncore-3.14-64\Lib\asyncio\windows_events.py", line 775, in _poll
    status = _overlapped.GetQueuedCompletionStatus(self._iocp, ms)

2026-10-08 04:15:23,139 [WARNING] disnake.gateway: Shard ID None heartbeat blocked for more than 530 seconds.
Loop thread traceback (most recent call last):
  File "C:\Users\user\Desktop\12345\main.py", line 179, in <module>
    asyncio.run(main())
  File "C:\Users\user\AppData\Local\Python\pythoncore-3.14-64\Lib\asyncio\runners.py", line 204, in run
    return runner.run(main)
  File "C:\Users\user\AppData\Local\Python\pythoncore-3.14-64\Lib\asyncio\runners.py", line 127, in run
    return self._loop.run_until_complete(task)
  File "C:\Users\user\AppData\Local\Python\pythoncore-3.14-64\Lib\asyncio\base_events.py", line 706, in run_until_complete
    self.run_forever()
  File "C:\Users\user\AppData\Local\Python\pythoncore-3.14-64\Lib\asyncio\base_events.py", line 677, in run_forever
    self._run_once()
  File "C:\Users\user\AppData\Local\Python\pythoncore-3.14-64\Lib\asyncio\base_events.py", line 2019, in _run_once
    event_list = self._selector.select(timeout)
  File "C:\Users\user\AppData\Local\Python\pythoncore-3.14-64\Lib\asyncio\windows_events.py", line 446, in select
    self._poll(timeout)
  File "C:\Users\user\AppData\Local\Python\pythoncore-3.14-64\Lib\asyncio\windows_events.py", line 775, in _poll
    status = _overlapped.GetQueuedCompletionStatus(self._iocp, ms)

2026-10-08 04:15:33,145 [WARNING] disnake.gateway: Shard ID None heartbeat blocked for more than 540 seconds.
Loop thread traceback (most recent call last):
  File "C:\Users\user\Desktop\12345\main.py", line 179, in <module>
    asyncio.run(main())
  File "C:\Users\user\AppData\Local\Python\pythoncore-3.14-64\Lib\asyncio\runners.py", line 204, in run
    return runner.run(main)
  File "C:\Users\user\AppData\Local\Python\pythoncore-3.14-64\Lib\asyncio\runners.py", line 127, in run
    return self._loop.run_until_complete(task)
  File "C:\Users\user\AppData\Local\Python\pythoncore-3.14-64\Lib\asyncio\base_events.py", line 706, in run_until_complete
    self.run_forever()
  File "C:\Users\user\AppData\Local\Python\pythoncore-3.14-64\Lib\asyncio\base_events.py", line 677, in run_forever
    self._run_once()
  File "C:\Users\user\AppData\Local\Python\pythoncore-3.14-64\Lib\asyncio\base_events.py", line 2019, in _run_once
    event_list = self._selector.select(timeout)
  File "C:\Users\user\AppData\Local\Python\pythoncore-3.14-64\Lib\asyncio\windows_events.py", line 446, in select
    self._poll(timeout)
  File "C:\Users\user\AppData\Local\Python\pythoncore-3.14-64\Lib\asyncio\windows_events.py", line 775, in _poll
    status = _overlapped.GetQueuedCompletionStatus(self._iocp, ms)

2026-10-08 04:15:43,161 [WARNING] disnake.gateway: Shard ID None heartbeat blocked for more than 550 seconds.
Loop thread traceback (most recent call last):
  File "C:\Users\user\Desktop\12345\main.py", line 179, in <module>
    asyncio.run(main())
  File "C:\Users\user\AppData\Local\Python\pythoncore-3.14-64\Lib\asyncio\runners.py", line 204, in run
    return runner.run(main)
  File "C:\Users\user\AppData\Local\Python\pythoncore-3.14-64\Lib\asyncio\runners.py", line 127, in run
    return self._loop.run_until_complete(task)
  File "C:\Users\user\AppData\Local\Python\pythoncore-3.14-64\Lib\asyncio\base_events.py", line 706, in run_until_complete
    self.run_forever()
  File "C:\Users\user\AppData\Local\Python\pythoncore-3.14-64\Lib\asyncio\base_events.py", line 677, in run_forever
    self._run_once()
  File "C:\Users\user\AppData\Local\Python\pythoncore-3.14-64\Lib\asyncio\base_events.py", line 2019, in _run_once
    event_list = self._selector.select(timeout)
  File "C:\Users\user\AppData\Local\Python\pythoncore-3.14-64\Lib\asyncio\windows_events.py", line 446, in select
    self._poll(timeout)
  File "C:\Users\user\AppData\Local\Python\pythoncore-3.14-64\Lib\asyncio\windows_events.py", line 775, in _poll
    status = _overlapped.GetQueuedCompletionStatus(self._iocp, ms)

2026-10-08 04:15:48,067 [WARNING] disnake.gateway: Can't keep up, shard ID None websocket is 596.6s behind.
2026-10-08 04:15:53,164 [WARNING] disnake.gateway: Shard ID None heartbeat blocked for more than 560 seconds.
Loop thread traceback (most recent call last):
  File "C:\Users\user\Desktop\12345\main.py", line 179, in <module>
    asyncio.run(main())
  File "C:\Users\user\AppData\Local\Python\pythoncore-3.14-64\Lib\asyncio\runners.py", line 204, in run
    return runner.run(main)
  File "C:\Users\user\AppData\Local\Python\pythoncore-3.14-64\Lib\asyncio\runners.py", line 127, in run
    return self._loop.run_until_complete(task)
  File "C:\Users\user\AppData\Local\Python\pythoncore-3.14-64\Lib\asyncio\base_events.py", line 706, in run_until_complete
    self.run_forever()
  File "C:\Users\user\AppData\Local\Python\pythoncore-3.14-64\Lib\asyncio\base_events.py", line 677, in run_forever
    self._run_once()
  File "C:\Users\user\AppData\Local\Python\pythoncore-3.14-64\Lib\asyncio\base_events.py", line 2019, in _run_once
    event_list = self._selector.select(timeout)
  File "C:\Users\user\AppData\Local\Python\pythoncore-3.14-64\Lib\asyncio\windows_events.py", line 446, in select
    self._poll(timeout)
  File "C:\Users\user\AppData\Local\Python\pythoncore-3.14-64\Lib\asyncio\windows_events.py", line 775, in _poll
    status = _overlapped.GetQueuedCompletionStatus(self._iocp, ms)

2026-10-08 04:16:03,174 [WARNING] disnake.gateway: Shard ID None heartbeat blocked for more than 570 seconds.
Loop thread traceback (most recent call last):
  File "C:\Users\user\Desktop\12345\main.py", line 179, in <module>
    asyncio.run(main())
  File "C:\Users\user\AppData\Local\Python\pythoncore-3.14-64\Lib\asyncio\runners.py", line 204, in run
    return runner.run(main)
  File "C:\Users\user\AppData\Local\Python\pythoncore-3.14-64\Lib\asyncio\runners.py", line 127, in run
    return self._loop.run_until_complete(task)
  File "C:\Users\user\AppData\Local\Python\pythoncore-3.14-64\Lib\asyncio\base_events.py", line 706, in run_until_complete
    self.run_forever()
  File "C:\Users\user\AppData\Local\Python\pythoncore-3.14-64\Lib\asyncio\base_events.py", line 677, in run_forever
    self._run_once()
  File "C:\Users\user\AppData\Local\Python\pythoncore-3.14-64\Lib\asyncio\base_events.py", line 2019, in _run_once
    event_list = self._selector.select(timeout)
  File "C:\Users\user\AppData\Local\Python\pythoncore-3.14-64\Lib\asyncio\windows_events.py", line 446, in select
    self._poll(timeout)
  File "C:\Users\user\AppData\Local\Python\pythoncore-3.14-64\Lib\asyncio\windows_events.py", line 775, in _poll
    status = _overlapped.GetQueuedCompletionStatus(self._iocp, ms)

2026-10-08 04:16:13,181 [WARNING] disnake.gateway: Shard ID None heartbeat blocked for more than 580 seconds.
Loop thread traceback (most recent call last):
  File "C:\Users\user\Desktop\12345\main.py", line 179, in <module>
    asyncio.run(main())
  File "C:\Users\user\AppData\Local\Python\pythoncore-3.14-64\Lib\asyncio\runners.py", line 204, in run
    return runner.run(main)
  File "C:\Users\user\AppData\Local\Python\pythoncore-3.14-64\Lib\asyncio\runners.py", line 127, in run
    return self._loop.run_until_complete(task)
  File "C:\Users\user\AppData\Local\Python\pythoncore-3.14-64\Lib\asyncio\base_events.py", line 706, in run_until_complete
    self.run_forever()
  File "C:\Users\user\AppData\Local\Python\pythoncore-3.14-64\Lib\asyncio\base_events.py", line 677, in run_forever
    self._run_once()
  File "C:\Users\user\AppData\Local\Python\pythoncore-3.14-64\Lib\asyncio\base_events.py", line 2019, in _run_once
    event_list = self._selector.select(timeout)
  File "C:\Users\user\AppData\Local\Python\pythoncore-3.14-64\Lib\asyncio\windows_events.py", line 446, in select
    self._poll(timeout)
  File "C:\Users\user\AppData\Local\Python\pythoncore-3.14-64\Lib\asyncio\windows_events.py", line 775, in _poll
    status = _overlapped.GetQueuedCompletionStatus(self._iocp, ms)

2026-10-08 04:16:23,190 [WARNING] disnake.gateway: Shard ID None heartbeat blocked for more than 590 seconds.
Loop thread traceback (most recent call last):
  File "C:\Users\user\Desktop\12345\main.py", line 179, in <module>
    asyncio.run(main())
  File "C:\Users\user\AppData\Local\Python\pythoncore-3.14-64\Lib\asyncio\runners.py", line 204, in run
    return runner.run(main)
  File "C:\Users\user\AppData\Local\Python\pythoncore-3.14-64\Lib\asyncio\runners.py", line 127, in run
    return self._loop.run_until_complete(task)
  File "C:\Users\user\AppData\Local\Python\pythoncore-3.14-64\Lib\asyncio\base_events.py", line 706, in run_until_complete
    self.run_forever()
  File "C:\Users\user\AppData\Local\Python\pythoncore-3.14-64\Lib\asyncio\base_events.py", line 677, in run_forever
    self._run_once()
  File "C:\Users\user\AppData\Local\Python\pythoncore-3.14-64\Lib\asyncio\base_events.py", line 2019, in _run_once
    event_list = self._selector.select(timeout)
  File "C:\Users\user\AppData\Local\Python\pythoncore-3.14-64\Lib\asyncio\windows_events.py", line 446, in select
    self._poll(timeout)
  File "C:\Users\user\AppData\Local\Python\pythoncore-3.14-64\Lib\asyncio\windows_events.py", line 775, in _poll
    status = _overlapped.GetQueuedCompletionStatus(self._iocp, ms)

2026-10-08 04:16:33,192 [WARNING] disnake.gateway: Shard ID None heartbeat blocked for more than 600 seconds.
Loop thread traceback (most recent call last):
  File "C:\Users\user\Desktop\12345\main.py", line 179, in <module>
    asyncio.run(main())
  File "C:\Users\user\AppData\Local\Python\pythoncore-3.14-64\Lib\asyncio\runners.py", line 204, in run
    return runner.run(main)
  File "C:\Users\user\AppData\Local\Python\pythoncore-3.14-64\Lib\asyncio\runners.py", line 127, in run
    return self._loop.run_until_complete(task)
  File "C:\Users\user\AppData\Local\Python\pythoncore-3.14-64\Lib\asyncio\base_events.py", line 706, in run_until_complete
    self.run_forever()
  File "C:\Users\user\AppData\Local\Python\pythoncore-3.14-64\Lib\asyncio\base_events.py", line 677, in run_forever
    self._run_once()
  File "C:\Users\user\AppData\Local\Python\pythoncore-3.14-64\Lib\asyncio\base_events.py", line 2019, in _run_once
    event_list = self._selector.select(timeout)
  File "C:\Users\user\AppData\Local\Python\pythoncore-3.14-64\Lib\asyncio\windows_events.py", line 446, in select
    self._poll(timeout)
  File "C:\Users\user\AppData\Local\Python\pythoncore-3.14-64\Lib\asyncio\windows_events.py", line 775, in _poll
    status = _overlapped.GetQueuedCompletionStatus(self._iocp, ms)

2026-10-08 04:16:37,754 [WARNING] disnake.gateway: Can't keep up, shard ID None websocket is 646.3s behind.
2026-10-08 04:16:43,195 [WARNING] disnake.gateway: Shard ID None heartbeat blocked for more than 610 seconds.
Loop thread traceback (most recent call last):
  File "C:\Users\user\Desktop\12345\main.py", line 179, in <module>
    asyncio.run(main())
  File "C:\Users\user\AppData\Local\Python\pythoncore-3.14-64\Lib\asyncio\runners.py", line 204, in run
    return runner.run(main)
  File "C:\Users\user\AppData\Local\Python\pythoncore-3.14-64\Lib\asyncio\runners.py", line 127, in run
    return self._loop.run_until_complete(task)
  File "C:\Users\user\AppData\Local\Python\pythoncore-3.14-64\Lib\asyncio\base_events.py", line 706, in run_until_complete
    self.run_forever()
  File "C:\Users\user\AppData\Local\Python\pythoncore-3.14-64\Lib\asyncio\base_events.py", line 677, in run_forever
    self._run_once()
  File "C:\Users\user\AppData\Local\Python\pythoncore-3.14-64\Lib\asyncio\base_events.py", line 2019, in _run_once
    event_list = self._selector.select(timeout)
  File "C:\Users\user\AppData\Local\Python\pythoncore-3.14-64\Lib\asyncio\windows_events.py", line 446, in select
    self._poll(timeout)
  File "C:\Users\user\AppData\Local\Python\pythoncore-3.14-64\Lib\asyncio\windows_events.py", line 775, in _poll
    status = _overlapped.GetQueuedCompletionStatus(self._iocp, ms)

2026-10-08 04:16:53,208 [WARNING] disnake.gateway: Shard ID None heartbeat blocked for more than 620 seconds.
Loop thread traceback (most recent call last):
  File "C:\Users\user\Desktop\12345\main.py", line 179, in <module>
    asyncio.run(main())
  File "C:\Users\user\AppData\Local\Python\pythoncore-3.14-64\Lib\asyncio\runners.py", line 204, in run
    return runner.run(main)
  File "C:\Users\user\AppData\Local\Python\pythoncore-3.14-64\Lib\asyncio\runners.py", line 127, in run
    return self._loop.run_until_complete(task)
  File "C:\Users\user\AppData\Local\Python\pythoncore-3.14-64\Lib\asyncio\base_events.py", line 706, in run_until_complete
    self.run_forever()
  File "C:\Users\user\AppData\Local\Python\pythoncore-3.14-64\Lib\asyncio\base_events.py", line 677, in run_forever
    self._run_once()
  File "C:\Users\user\AppData\Local\Python\pythoncore-3.14-64\Lib\asyncio\base_events.py", line 2019, in _run_once
    event_list = self._selector.select(timeout)
  File "C:\Users\user\AppData\Local\Python\pythoncore-3.14-64\Lib\asyncio\windows_events.py", line 446, in select
    self._poll(timeout)
  File "C:\Users\user\AppData\Local\Python\pythoncore-3.14-64\Lib\asyncio\windows_events.py", line 775, in _poll
    status = _overlapped.GetQueuedCompletionStatus(self._iocp, ms)

2026-10-08 04:17:03,223 [WARNING] disnake.gateway: Shard ID None heartbeat blocked for more than 630 seconds.
Loop thread traceback (most recent call last):
  File "C:\Users\user\Desktop\12345\main.py", line 179, in <module>
    asyncio.run(main())
  File "C:\Users\user\AppData\Local\Python\pythoncore-3.14-64\Lib\asyncio\runners.py", line 204, in run
    return runner.run(main)
  File "C:\Users\user\AppData\Local\Python\pythoncore-3.14-64\Lib\asyncio\runners.py", line 127, in run
    return self._loop.run_until_complete(task)
  File "C:\Users\user\AppData\Local\Python\pythoncore-3.14-64\Lib\asyncio\base_events.py", line 706, in run_until_complete
    self.run_forever()
  File "C:\Users\user\AppData\Local\Python\pythoncore-3.14-64\Lib\asyncio\base_events.py", line 677, in run_forever
    self._run_once()
  File "C:\Users\user\AppData\Local\Python\pythoncore-3.14-64\Lib\asyncio\base_events.py", line 2019, in _run_once
    event_list = self._selector.select(timeout)
  File "C:\Users\user\AppData\Local\Python\pythoncore-3.14-64\Lib\asyncio\windows_events.py", line 446, in select
    self._poll(timeout)
  File "C:\Users\user\AppData\Local\Python\pythoncore-3.14-64\Lib\asyncio\windows_events.py", line 775, in _poll
    status = _overlapped.GetQueuedCompletionStatus(self._iocp, ms)

2026-10-08 04:17:13,229 [WARNING] disnake.gateway: Shard ID None heartbeat blocked for more than 640 seconds.
Loop thread traceback (most recent call last):
  File "C:\Users\user\Desktop\12345\main.py", line 179, in <module>
    asyncio.run(main())
  File "C:\Users\user\AppData\Local\Python\pythoncore-3.14-64\Lib\asyncio\runners.py", line 204, in run
    return runner.run(main)
  File "C:\Users\user\AppData\Local\Python\pythoncore-3.14-64\Lib\asyncio\runners.py", line 127, in run
    return self._loop.run_until_complete(task)
  File "C:\Users\user\AppData\Local\Python\pythoncore-3.14-64\Lib\asyncio\base_events.py", line 706, in run_until_complete
    self.run_forever()
  File "C:\Users\user\AppData\Local\Python\pythoncore-3.14-64\Lib\asyncio\base_events.py", line 677, in run_forever
    self._run_once()
  File "C:\Users\user\AppData\Local\Python\pythoncore-3.14-64\Lib\asyncio\base_events.py", line 2019, in _run_once
    event_list = self._selector.select(timeout)
  File "C:\Users\user\AppData\Local\Python\pythoncore-3.14-64\Lib\asyncio\windows_events.py", line 446, in select
    self._poll(timeout)
  File "C:\Users\user\AppData\Local\Python\pythoncore-3.14-64\Lib\asyncio\windows_events.py", line 775, in _poll
    status = _overlapped.GetQueuedCompletionStatus(self._iocp, ms)

2026-10-08 04:17:23,230 [WARNING] disnake.gateway: Shard ID None heartbeat blocked for more than 650 seconds.
Loop thread traceback (most recent call last):
  File "C:\Users\user\Desktop\12345\main.py", line 179, in <module>
    asyncio.run(main())
  File "C:\Users\user\AppData\Local\Python\pythoncore-3.14-64\Lib\asyncio\runners.py", line 204, in run
    return runner.run(main)
  File "C:\Users\user\AppData\Local\Python\pythoncore-3.14-64\Lib\asyncio\runners.py", line 127, in run
    return self._loop.run_until_complete(task)
  File "C:\Users\user\AppData\Local\Python\pythoncore-3.14-64\Lib\asyncio\base_events.py", line 706, in run_until_complete
    self.run_forever()
  File "C:\Users\user\AppData\Local\Python\pythoncore-3.14-64\Lib\asyncio\base_events.py", line 677, in run_forever
    self._run_once()
  File "C:\Users\user\AppData\Local\Python\pythoncore-3.14-64\Lib\asyncio\base_events.py", line 2019, in _run_once
    event_list = self._selector.select(timeout)
  File "C:\Users\user\AppData\Local\Python\pythoncore-3.14-64\Lib\asyncio\windows_events.py", line 446, in select
    self._poll(timeout)
  File "C:\Users\user\AppData\Local\Python\pythoncore-3.14-64\Lib\asyncio\windows_events.py", line 775, in _poll
    status = _overlapped.GetQueuedCompletionStatus(self._iocp, ms)

2026-10-08 04:17:27,441 [WARNING] disnake.gateway: Can't keep up, shard ID None websocket is 696.0s behind.
2026-10-08 04:17:33,245 [WARNING] disnake.gateway: Shard ID None heartbeat blocked for more than 660 seconds.
Loop thread traceback (most recent call last):
  File "C:\Users\user\Desktop\12345\main.py", line 179, in <module>
    asyncio.run(main())
  File "C:\Users\user\AppData\Local\Python\pythoncore-3.14-64\Lib\asyncio\runners.py", line 204, in run
    return runner.run(main)
  File "C:\Users\user\AppData\Local\Python\pythoncore-3.14-64\Lib\asyncio\runners.py", line 127, in run
    return self._loop.run_until_complete(task)
  File "C:\Users\user\AppData\Local\Python\pythoncore-3.14-64\Lib\asyncio\base_events.py", line 706, in run_until_complete
    self.run_forever()
  File "C:\Users\user\AppData\Local\Python\pythoncore-3.14-64\Lib\asyncio\base_events.py", line 677, in run_forever
    self._run_once()
  File "C:\Users\user\AppData\Local\Python\pythoncore-3.14-64\Lib\asyncio\base_events.py", line 2019, in _run_once
    event_list = self._selector.select(timeout)
  File "C:\Users\user\AppData\Local\Python\pythoncore-3.14-64\Lib\asyncio\windows_events.py", line 446, in select
    self._poll(timeout)
  File "C:\Users\user\AppData\Local\Python\pythoncore-3.14-64\Lib\asyncio\windows_events.py", line 775, in _poll
    status = _overlapped.GetQueuedCompletionStatus(self._iocp, ms)

2026-10-08 04:17:43,253 [WARNING] disnake.gateway: Shard ID None heartbeat blocked for more than 670 seconds.
Loop thread traceback (most recent call last):
  File "C:\Users\user\Desktop\12345\main.py", line 179, in <module>
    asyncio.run(main())
  File "C:\Users\user\AppData\Local\Python\pythoncore-3.14-64\Lib\asyncio\runners.py", line 204, in run
    return runner.run(main)
  File "C:\Users\user\AppData\Local\Python\pythoncore-3.14-64\Lib\asyncio\runners.py", line 127, in run
    return self._loop.run_until_complete(task)
  File "C:\Users\user\AppData\Local\Python\pythoncore-3.14-64\Lib\asyncio\base_events.py", line 706, in run_until_complete
    self.run_forever()
  File "C:\Users\user\AppData\Local\Python\pythoncore-3.14-64\Lib\asyncio\base_events.py", line 677, in run_forever
    self._run_once()
  File "C:\Users\user\AppData\Local\Python\pythoncore-3.14-64\Lib\asyncio\base_events.py", line 2019, in _run_once
    event_list = self._selector.select(timeout)
  File "C:\Users\user\AppData\Local\Python\pythoncore-3.14-64\Lib\asyncio\windows_events.py", line 446, in select
    self._poll(timeout)
  File "C:\Users\user\AppData\Local\Python\pythoncore-3.14-64\Lib\asyncio\windows_events.py", line 775, in _poll
    status = _overlapped.GetQueuedCompletionStatus(self._iocp, ms)

2026-10-08 04:17:53,261 [WARNING] disnake.gateway: Shard ID None heartbeat blocked for more than 680 seconds.
Loop thread traceback (most recent call last):
  File "C:\Users\user\Desktop\12345\main.py", line 179, in <module>
    asyncio.run(main())
  File "C:\Users\user\AppData\Local\Python\pythoncore-3.14-64\Lib\asyncio\runners.py", line 204, in run
    return runner.run(main)
  File "C:\Users\user\AppData\Local\Python\pythoncore-3.14-64\Lib\asyncio\runners.py", line 127, in run
    return self._loop.run_until_complete(task)
  File "C:\Users\user\AppData\Local\Python\pythoncore-3.14-64\Lib\asyncio\base_events.py", line 706, in run_until_complete
    self.run_forever()
  File "C:\Users\user\AppData\Local\Python\pythoncore-3.14-64\Lib\asyncio\base_events.py", line 677, in run_forever
    self._run_once()
  File "C:\Users\user\AppData\Local\Python\pythoncore-3.14-64\Lib\asyncio\base_events.py", line 2019, in _run_once
    event_list = self._selector.select(timeout)
  File "C:\Users\user\AppData\Local\Python\pythoncore-3.14-64\Lib\asyncio\windows_events.py", line 446, in select
    self._poll(timeout)
  File "C:\Users\user\AppData\Local\Python\pythoncore-3.14-64\Lib\asyncio\windows_events.py", line 775, in _poll
    status = _overlapped.GetQueuedCompletionStatus(self._iocp, ms)

2026-10-08 04:18:03,275 [WARNING] disnake.gateway: Shard ID None heartbeat blocked for more than 690 seconds.
Loop thread traceback (most recent call last):
  File "C:\Users\user\Desktop\12345\main.py", line 179, in <module>
    asyncio.run(main())
  File "C:\Users\user\AppData\Local\Python\pythoncore-3.14-64\Lib\asyncio\runners.py", line 204, in run
    return runner.run(main)
  File "C:\Users\user\AppData\Local\Python\pythoncore-3.14-64\Lib\asyncio\runners.py", line 127, in run
    return self._loop.run_until_complete(task)
  File "C:\Users\user\AppData\Local\Python\pythoncore-3.14-64\Lib\asyncio\base_events.py", line 706, in run_until_complete
    self.run_forever()
  File "C:\Users\user\AppData\Local\Python\pythoncore-3.14-64\Lib\asyncio\base_events.py", line 677, in run_forever
    self._run_once()
  File "C:\Users\user\AppData\Local\Python\pythoncore-3.14-64\Lib\asyncio\base_events.py", line 2019, in _run_once
    event_list = self._selector.select(timeout)
  File "C:\Users\user\AppData\Local\Python\pythoncore-3.14-64\Lib\asyncio\windows_events.py", line 446, in select
    self._poll(timeout)
  File "C:\Users\user\AppData\Local\Python\pythoncore-3.14-64\Lib\asyncio\windows_events.py", line 775, in _poll
    status = _overlapped.GetQueuedCompletionStatus(self._iocp, ms)

2026-10-08 04:18:13,290 [WARNING] disnake.gateway: Shard ID None heartbeat blocked for more than 700 seconds.
Loop thread traceback (most recent call last):
  File "C:\Users\user\Desktop\12345\main.py", line 179, in <module>
    asyncio.run(main())
  File "C:\Users\user\AppData\Local\Python\pythoncore-3.14-64\Lib\asyncio\runners.py", line 204, in run
    return runner.run(main)
  File "C:\Users\user\AppData\Local\Python\pythoncore-3.14-64\Lib\asyncio\runners.py", line 127, in run
    return self._loop.run_until_complete(task)
  File "C:\Users\user\AppData\Local\Python\pythoncore-3.14-64\Lib\asyncio\base_events.py", line 706, in run_until_complete
    self.run_forever()
  File "C:\Users\user\AppData\Local\Python\pythoncore-3.14-64\Lib\asyncio\base_events.py", line 677, in run_forever
    self._run_once()
  File "C:\Users\user\AppData\Local\Python\pythoncore-3.14-64\Lib\asyncio\base_events.py", line 2019, in _run_once
    event_list = self._selector.select(timeout)
  File "C:\Users\user\AppData\Local\Python\pythoncore-3.14-64\Lib\asyncio\windows_events.py", line 446, in select
    self._poll(timeout)
  File "C:\Users\user\AppData\Local\Python\pythoncore-3.14-64\Lib\asyncio\windows_events.py", line 775, in _poll
    status = _overlapped.GetQueuedCompletionStatus(self._iocp, ms)

2026-10-08 04:18:17,129 [WARNING] disnake.gateway: Can't keep up, shard ID None websocket is 745.7s behind.
2026-10-08 04:18:23,291 [WARNING] disnake.gateway: Shard ID None heartbeat blocked for more than 710 seconds.
Loop thread traceback (most recent call last):
  File "C:\Users\user\Desktop\12345\main.py", line 179, in <module>
    asyncio.run(main())
  File "C:\Users\user\AppData\Local\Python\pythoncore-3.14-64\Lib\asyncio\runners.py", line 204, in run
    return runner.run(main)
  File "C:\Users\user\AppData\Local\Python\pythoncore-3.14-64\Lib\asyncio\runners.py", line 127, in run
    return self._loop.run_until_complete(task)
  File "C:\Users\user\AppData\Local\Python\pythoncore-3.14-64\Lib\asyncio\base_events.py", line 706, in run_until_complete
    self.run_forever()
  File "C:\Users\user\AppData\Local\Python\pythoncore-3.14-64\Lib\asyncio\base_events.py", line 677, in run_forever
    self._run_once()
  File "C:\Users\user\AppData\Local\Python\pythoncore-3.14-64\Lib\asyncio\base_events.py", line 2019, in _run_once
    event_list = self._selector.select(timeout)
  File "C:\Users\user\AppData\Local\Python\pythoncore-3.14-64\Lib\asyncio\windows_events.py", line 446, in select
    self._poll(timeout)
  File "C:\Users\user\AppData\Local\Python\pythoncore-3.14-64\Lib\asyncio\windows_events.py", line 775, in _poll
    status = _overlapped.GetQueuedCompletionStatus(self._iocp, ms)

2026-10-08 04:18:33,300 [WARNING] disnake.gateway: Shard ID None heartbeat blocked for more than 720 seconds.
Loop thread traceback (most recent call last):
  File "C:\Users\user\Desktop\12345\main.py", line 179, in <module>
    asyncio.run(main())
  File "C:\Users\user\AppData\Local\Python\pythoncore-3.14-64\Lib\asyncio\runners.py", line 204, in run
    return runner.run(main)
  File "C:\Users\user\AppData\Local\Python\pythoncore-3.14-64\Lib\asyncio\runners.py", line 127, in run
    return self._loop.run_until_complete(task)
  File "C:\Users\user\AppData\Local\Python\pythoncore-3.14-64\Lib\asyncio\base_events.py", line 706, in run_until_complete
    self.run_forever()
  File "C:\Users\user\AppData\Local\Python\pythoncore-3.14-64\Lib\asyncio\base_events.py", line 677, in run_forever
    self._run_once()
  File "C:\Users\user\AppData\Local\Python\pythoncore-3.14-64\Lib\asyncio\base_events.py", line 2019, in _run_once
    event_list = self._selector.select(timeout)
  File "C:\Users\user\AppData\Local\Python\pythoncore-3.14-64\Lib\asyncio\windows_events.py", line 446, in select
    self._poll(timeout)
  File "C:\Users\user\AppData\Local\Python\pythoncore-3.14-64\Lib\asyncio\windows_events.py", line 775, in _poll
    status = _overlapped.GetQueuedCompletionStatus(self._iocp, ms)

2026-10-08 04:18:43,312 [WARNING] disnake.gateway: Shard ID None heartbeat blocked for more than 730 seconds.
Loop thread traceback (most recent call last):
  File "C:\Users\user\Desktop\12345\main.py", line 179, in <module>
    asyncio.run(main())
  File "C:\Users\user\AppData\Local\Python\pythoncore-3.14-64\Lib\asyncio\runners.py", line 204, in run
    return runner.run(main)
  File "C:\Users\user\AppData\Local\Python\pythoncore-3.14-64\Lib\asyncio\runners.py", line 127, in run
    return self._loop.run_until_complete(task)
  File "C:\Users\user\AppData\Local\Python\pythoncore-3.14-64\Lib\asyncio\base_events.py", line 706, in run_until_complete
    self.run_forever()
  File "C:\Users\user\AppData\Local\Python\pythoncore-3.14-64\Lib\asyncio\base_events.py", line 677, in run_forever
    self._run_once()
  File "C:\Users\user\AppData\Local\Python\pythoncore-3.14-64\Lib\asyncio\base_events.py", line 2019, in _run_once
    event_list = self._selector.select(timeout)
  File "C:\Users\user\AppData\Local\Python\pythoncore-3.14-64\Lib\asyncio\windows_events.py", line 446, in select
    self._poll(timeout)
  File "C:\Users\user\AppData\Local\Python\pythoncore-3.14-64\Lib\asyncio\windows_events.py", line 775, in _poll
    status = _overlapped.GetQueuedCompletionStatus(self._iocp, ms)

2026-10-08 04:18:53,323 [WARNING] disnake.gateway: Shard ID None heartbeat blocked for more than 740 seconds.
Loop thread traceback (most recent call last):
  File "C:\Users\user\Desktop\12345\main.py", line 179, in <module>
    asyncio.run(main())
  File "C:\Users\user\AppData\Local\Python\pythoncore-3.14-64\Lib\asyncio\runners.py", line 204, in run
    return runner.run(main)
  File "C:\Users\user\AppData\Local\Python\pythoncore-3.14-64\Lib\asyncio\runners.py", line 127, in run
    return self._loop.run_until_complete(task)
  File "C:\Users\user\AppData\Local\Python\pythoncore-3.14-64\Lib\asyncio\base_events.py", line 706, in run_until_complete
    self.run_forever()
  File "C:\Users\user\AppData\Local\Python\pythoncore-3.14-64\Lib\asyncio\base_events.py", line 677, in run_forever
    self._run_once()
  File "C:\Users\user\AppData\Local\Python\pythoncore-3.14-64\Lib\asyncio\base_events.py", line 2019, in _run_once
    event_list = self._selector.select(timeout)
  File "C:\Users\user\AppData\Local\Python\pythoncore-3.14-64\Lib\asyncio\windows_events.py", line 446, in select
    self._poll(timeout)
  File "C:\Users\user\AppData\Local\Python\pythoncore-3.14-64\Lib\asyncio\windows_events.py", line 775, in _poll
    status = _overlapped.GetQueuedCompletionStatus(self._iocp, ms)

2026-10-08 04:19:03,334 [WARNING] disnake.gateway: Shard ID None heartbeat blocked for more than 750 seconds.
Loop thread traceback (most recent call last):
  File "C:\Users\user\Desktop\12345\main.py", line 179, in <module>
    asyncio.run(main())
  File "C:\Users\user\AppData\Local\Python\pythoncore-3.14-64\Lib\asyncio\runners.py", line 204, in run
    return runner.run(main)
  File "C:\Users\user\AppData\Local\Python\pythoncore-3.14-64\Lib\asyncio\runners.py", line 127, in run
    return self._loop.run_until_complete(task)
  File "C:\Users\user\AppData\Local\Python\pythoncore-3.14-64\Lib\asyncio\base_events.py", line 706, in run_until_complete
    self.run_forever()
  File "C:\Users\user\AppData\Local\Python\pythoncore-3.14-64\Lib\asyncio\base_events.py", line 677, in run_forever
    self._run_once()
  File "C:\Users\user\AppData\Local\Python\pythoncore-3.14-64\Lib\asyncio\base_events.py", line 2019, in _run_once
    event_list = self._selector.select(timeout)
  File "C:\Users\user\AppData\Local\Python\pythoncore-3.14-64\Lib\asyncio\windows_events.py", line 446, in select
    self._poll(timeout)
  File "C:\Users\user\AppData\Local\Python\pythoncore-3.14-64\Lib\asyncio\windows_events.py", line 775, in _poll
    status = _overlapped.GetQueuedCompletionStatus(self._iocp, ms)

2026-10-08 04:19:06,880 [WARNING] disnake.gateway: Can't keep up, shard ID None websocket is 795.4s behind.
2026-10-08 04:19:13,343 [WARNING] disnake.gateway: Shard ID None heartbeat blocked for more than 760 seconds.
Loop thread traceback (most recent call last):
  File "C:\Users\user\Desktop\12345\main.py", line 179, in <module>
    asyncio.run(main())
  File "C:\Users\user\AppData\Local\Python\pythoncore-3.14-64\Lib\asyncio\runners.py", line 204, in run
    return runner.run(main)
  File "C:\Users\user\AppData\Local\Python\pythoncore-3.14-64\Lib\asyncio\runners.py", line 127, in run
    return self._loop.run_until_complete(task)
  File "C:\Users\user\AppData\Local\Python\pythoncore-3.14-64\Lib\asyncio\base_events.py", line 706, in run_until_complete
    self.run_forever()
  File "C:\Users\user\AppData\Local\Python\pythoncore-3.14-64\Lib\asyncio\base_events.py", line 677, in run_forever
    self._run_once()
  File "C:\Users\user\AppData\Local\Python\pythoncore-3.14-64\Lib\asyncio\base_events.py", line 2019, in _run_once
    event_list = self._selector.select(timeout)
  File "C:\Users\user\AppData\Local\Python\pythoncore-3.14-64\Lib\asyncio\windows_events.py", line 446, in select
    self._poll(timeout)
  File "C:\Users\user\AppData\Local\Python\pythoncore-3.14-64\Lib\asyncio\windows_events.py", line 775, in _poll
    status = _overlapped.GetQueuedCompletionStatus(self._iocp, ms)

2026-10-08 04:19:23,352 [WARNING] disnake.gateway: Shard ID None heartbeat blocked for more than 770 seconds.
Loop thread traceback (most recent call last):
  File "C:\Users\user\Desktop\12345\main.py", line 179, in <module>
    asyncio.run(main())
  File "C:\Users\user\AppData\Local\Python\pythoncore-3.14-64\Lib\asyncio\runners.py", line 204, in run
    return runner.run(main)
  File "C:\Users\user\AppData\Local\Python\pythoncore-3.14-64\Lib\asyncio\runners.py", line 127, in run
    return self._loop.run_until_complete(task)
  File "C:\Users\user\AppData\Local\Python\pythoncore-3.14-64\Lib\asyncio\base_events.py", line 706, in run_until_complete
    self.run_forever()
  File "C:\Users\user\AppData\Local\Python\pythoncore-3.14-64\Lib\asyncio\base_events.py", line 677, in run_forever
    self._run_once()
  File "C:\Users\user\AppData\Local\Python\pythoncore-3.14-64\Lib\asyncio\base_events.py", line 2019, in _run_once
    event_list = self._selector.select(timeout)
  File "C:\Users\user\AppData\Local\Python\pythoncore-3.14-64\Lib\asyncio\windows_events.py", line 446, in select
    self._poll(timeout)
  File "C:\Users\user\AppData\Local\Python\pythoncore-3.14-64\Lib\asyncio\windows_events.py", line 775, in _poll
    status = _overlapped.GetQueuedCompletionStatus(self._iocp, ms)

2026-10-08 04:19:33,365 [WARNING] disnake.gateway: Shard ID None heartbeat blocked for more than 780 seconds.
Loop thread traceback (most recent call last):
  File "C:\Users\user\Desktop\12345\main.py", line 179, in <module>
    asyncio.run(main())
  File "C:\Users\user\AppData\Local\Python\pythoncore-3.14-64\Lib\asyncio\runners.py", line 204, in run
    return runner.run(main)
  File "C:\Users\user\AppData\Local\Python\pythoncore-3.14-64\Lib\asyncio\runners.py", line 127, in run
    return self._loop.run_until_complete(task)
  File "C:\Users\user\AppData\Local\Python\pythoncore-3.14-64\Lib\asyncio\base_events.py", line 706, in run_until_complete
    self.run_forever()
  File "C:\Users\user\AppData\Local\Python\pythoncore-3.14-64\Lib\asyncio\base_events.py", line 677, in run_forever
    self._run_once()
  File "C:\Users\user\AppData\Local\Python\pythoncore-3.14-64\Lib\asyncio\base_events.py", line 2019, in _run_once
    event_list = self._selector.select(timeout)
  File "C:\Users\user\AppData\Local\Python\pythoncore-3.14-64\Lib\asyncio\windows_events.py", line 446, in select
    self._poll(timeout)
  File "C:\Users\user\AppData\Local\Python\pythoncore-3.14-64\Lib\asyncio\windows_events.py", line 775, in _poll
    status = _overlapped.GetQueuedCompletionStatus(self._iocp, ms)

2026-10-08 04:19:43,372 [WARNING] disnake.gateway: Shard ID None heartbeat blocked for more than 790 seconds.
Loop thread traceback (most recent call last):
  File "C:\Users\user\Desktop\12345\main.py", line 179, in <module>
    asyncio.run(main())
  File "C:\Users\user\AppData\Local\Python\pythoncore-3.14-64\Lib\asyncio\runners.py", line 204, in run
    return runner.run(main)
  File "C:\Users\user\AppData\Local\Python\pythoncore-3.14-64\Lib\asyncio\runners.py", line 127, in run
    return self._loop.run_until_complete(task)
  File "C:\Users\user\AppData\Local\Python\pythoncore-3.14-64\Lib\asyncio\base_events.py", line 706, in run_until_complete
    self.run_forever()
  File "C:\Users\user\AppData\Local\Python\pythoncore-3.14-64\Lib\asyncio\base_events.py", line 677, in run_forever
    self._run_once()
  File "C:\Users\user\AppData\Local\Python\pythoncore-3.14-64\Lib\asyncio\base_events.py", line 2019, in _run_once
    event_list = self._selector.select(timeout)
  File "C:\Users\user\AppData\Local\Python\pythoncore-3.14-64\Lib\asyncio\windows_events.py", line 446, in select
    self._poll(timeout)
  File "C:\Users\user\AppData\Local\Python\pythoncore-3.14-64\Lib\asyncio\windows_events.py", line 775, in _poll
    status = _overlapped.GetQueuedCompletionStatus(self._iocp, ms)

2026-10-08 04:19:53,386 [WARNING] disnake.gateway: Shard ID None heartbeat blocked for more than 800 seconds.
Loop thread traceback (most recent call last):
  File "C:\Users\user\Desktop\12345\main.py", line 179, in <module>
    asyncio.run(main())
  File "C:\Users\user\AppData\Local\Python\pythoncore-3.14-64\Lib\asyncio\runners.py", line 204, in run
    return runner.run(main)
  File "C:\Users\user\AppData\Local\Python\pythoncore-3.14-64\Lib\asyncio\runners.py", line 127, in run
    return self._loop.run_until_complete(task)
  File "C:\Users\user\AppData\Local\Python\pythoncore-3.14-64\Lib\asyncio\base_events.py", line 706, in run_until_complete
    self.run_forever()
  File "C:\Users\user\AppData\Local\Python\pythoncore-3.14-64\Lib\asyncio\base_events.py", line 677, in run_forever
    self._run_once()
  File "C:\Users\user\AppData\Local\Python\pythoncore-3.14-64\Lib\asyncio\base_events.py", line 2019, in _run_once
    event_list = self._selector.select(timeout)
  File "C:\Users\user\AppData\Local\Python\pythoncore-3.14-64\Lib\asyncio\windows_events.py", line 446, in select
    self._poll(timeout)
  File "C:\Users\user\AppData\Local\Python\pythoncore-3.14-64\Lib\asyncio\windows_events.py", line 775, in _poll
    status = _overlapped.GetQueuedCompletionStatus(self._iocp, ms)

2026-10-08 04:19:56,568 [WARNING] disnake.gateway: Can't keep up, shard ID None websocket is 845.1s behind.
2026-10-08 04:20:03,397 [WARNING] disnake.gateway: Shard ID None heartbeat blocked for more than 810 seconds.
Loop thread traceback (most recent call last):
  File "C:\Users\user\Desktop\12345\main.py", line 179, in <module>
    asyncio.run(main())
  File "C:\Users\user\AppData\Local\Python\pythoncore-3.14-64\Lib\asyncio\runners.py", line 204, in run
    return runner.run(main)
  File "C:\Users\user\AppData\Local\Python\pythoncore-3.14-64\Lib\asyncio\runners.py", line 127, in run
    return self._loop.run_until_complete(task)
  File "C:\Users\user\AppData\Local\Python\pythoncore-3.14-64\Lib\asyncio\base_events.py", line 706, in run_until_complete
    self.run_forever()
  File "C:\Users\user\AppData\Local\Python\pythoncore-3.14-64\Lib\asyncio\base_events.py", line 677, in run_forever
    self._run_once()
  File "C:\Users\user\AppData\Local\Python\pythoncore-3.14-64\Lib\asyncio\base_events.py", line 2019, in _run_once
    event_list = self._selector.select(timeout)
  File "C:\Users\user\AppData\Local\Python\pythoncore-3.14-64\Lib\asyncio\windows_events.py", line 446, in select
    self._poll(timeout)
  File "C:\Users\user\AppData\Local\Python\pythoncore-3.14-64\Lib\asyncio\windows_events.py", line 775, in _poll
    status = _overlapped.GetQueuedCompletionStatus(self._iocp, ms)

2026-10-08 04:20:13,403 [WARNING] disnake.gateway: Shard ID None heartbeat blocked for more than 820 seconds.
Loop thread traceback (most recent call last):
  File "C:\Users\user\Desktop\12345\main.py", line 179, in <module>
    asyncio.run(main())
  File "C:\Users\user\AppData\Local\Python\pythoncore-3.14-64\Lib\asyncio\runners.py", line 204, in run
    return runner.run(main)
  File "C:\Users\user\AppData\Local\Python\pythoncore-3.14-64\Lib\asyncio\runners.py", line 127, in run
    return self._loop.run_until_complete(task)
  File "C:\Users\user\AppData\Local\Python\pythoncore-3.14-64\Lib\asyncio\base_events.py", line 706, in run_until_complete
    self.run_forever()
  File "C:\Users\user\AppData\Local\Python\pythoncore-3.14-64\Lib\asyncio\base_events.py", line 677, in run_forever
    self._run_once()
  File "C:\Users\user\AppData\Local\Python\pythoncore-3.14-64\Lib\asyncio\base_events.py", line 2019, in _run_once
    event_list = self._selector.select(timeout)
  File "C:\Users\user\AppData\Local\Python\pythoncore-3.14-64\Lib\asyncio\windows_events.py", line 446, in select
    self._poll(timeout)
  File "C:\Users\user\AppData\Local\Python\pythoncore-3.14-64\Lib\asyncio\windows_events.py", line 775, in _poll
    status = _overlapped.GetQueuedCompletionStatus(self._iocp, ms)

2026-10-08 04:20:23,412 [WARNING] disnake.gateway: Shard ID None heartbeat blocked for more than 830 seconds.
Loop thread traceback (most recent call last):
  File "C:\Users\user\Desktop\12345\main.py", line 179, in <module>
    asyncio.run(main())
  File "C:\Users\user\AppData\Local\Python\pythoncore-3.14-64\Lib\asyncio\runners.py", line 204, in run
    return runner.run(main)
  File "C:\Users\user\AppData\Local\Python\pythoncore-3.14-64\Lib\asyncio\runners.py", line 127, in run
    return self._loop.run_until_complete(task)
  File "C:\Users\user\AppData\Local\Python\pythoncore-3.14-64\Lib\asyncio\base_events.py", line 706, in run_until_complete
    self.run_forever()
  File "C:\Users\user\AppData\Local\Python\pythoncore-3.14-64\Lib\asyncio\base_events.py", line 677, in run_forever
    self._run_once()
  File "C:\Users\user\AppData\Local\Python\pythoncore-3.14-64\Lib\asyncio\base_events.py", line 2019, in _run_once
    event_list = self._selector.select(timeout)
  File "C:\Users\user\AppData\Local\Python\pythoncore-3.14-64\Lib\asyncio\windows_events.py", line 446, in select
    self._poll(timeout)
  File "C:\Users\user\AppData\Local\Python\pythoncore-3.14-64\Lib\asyncio\windows_events.py", line 775, in _poll
    status = _overlapped.GetQueuedCompletionStatus(self._iocp, ms)

2026-10-08 04:20:33,424 [WARNING] disnake.gateway: Shard ID None heartbeat blocked for more than 840 seconds.
Loop thread traceback (most recent call last):
  File "C:\Users\user\Desktop\12345\main.py", line 179, in <module>
    asyncio.run(main())
  File "C:\Users\user\AppData\Local\Python\pythoncore-3.14-64\Lib\asyncio\runners.py", line 204, in run
    return runner.run(main)
  File "C:\Users\user\AppData\Local\Python\pythoncore-3.14-64\Lib\asyncio\runners.py", line 127, in run
    return self._loop.run_until_complete(task)
  File "C:\Users\user\AppData\Local\Python\pythoncore-3.14-64\Lib\asyncio\base_events.py", line 706, in run_until_complete
    self.run_forever()
  File "C:\Users\user\AppData\Local\Python\pythoncore-3.14-64\Lib\asyncio\base_events.py", line 677, in run_forever
    self._run_once()
  File "C:\Users\user\AppData\Local\Python\pythoncore-3.14-64\Lib\asyncio\base_events.py", line 2019, in _run_once
    event_list = self._selector.select(timeout)
  File "C:\Users\user\AppData\Local\Python\pythoncore-3.14-64\Lib\asyncio\windows_events.py", line 446, in select
    self._poll(timeout)
  File "C:\Users\user\AppData\Local\Python\pythoncore-3.14-64\Lib\asyncio\windows_events.py", line 775, in _poll
    status = _overlapped.GetQueuedCompletionStatus(self._iocp, ms)

2026-10-08 04:20:43,433 [WARNING] disnake.gateway: Shard ID None heartbeat blocked for more than 850 seconds.
Loop thread traceback (most recent call last):
  File "C:\Users\user\Desktop\12345\main.py", line 179, in <module>
    asyncio.run(main())
  File "C:\Users\user\AppData\Local\Python\pythoncore-3.14-64\Lib\asyncio\runners.py", line 204, in run
    return runner.run(main)
  File "C:\Users\user\AppData\Local\Python\pythoncore-3.14-64\Lib\asyncio\runners.py", line 127, in run
    return self._loop.run_until_complete(task)
  File "C:\Users\user\AppData\Local\Python\pythoncore-3.14-64\Lib\asyncio\base_events.py", line 706, in run_until_complete
    self.run_forever()
  File "C:\Users\user\AppData\Local\Python\pythoncore-3.14-64\Lib\asyncio\base_events.py", line 677, in run_forever
    self._run_once()
  File "C:\Users\user\AppData\Local\Python\pythoncore-3.14-64\Lib\asyncio\base_events.py", line 2019, in _run_once
    event_list = self._selector.select(timeout)
  File "C:\Users\user\AppData\Local\Python\pythoncore-3.14-64\Lib\asyncio\windows_events.py", line 446, in select
    self._poll(timeout)
  File "C:\Users\user\AppData\Local\Python\pythoncore-3.14-64\Lib\asyncio\windows_events.py", line 775, in _poll
    status = _overlapped.GetQueuedCompletionStatus(self._iocp, ms)

2026-10-08 04:20:46,254 [WARNING] disnake.gateway: Can't keep up, shard ID None websocket is 894.8s behind.
2026-10-08 04:20:53,439 [WARNING] disnake.gateway: Shard ID None heartbeat blocked for more than 860 seconds.
Loop thread traceback (most recent call last):
  File "C:\Users\user\Desktop\12345\main.py", line 179, in <module>
    asyncio.run(main())
  File "C:\Users\user\AppData\Local\Python\pythoncore-3.14-64\Lib\asyncio\runners.py", line 204, in run
    return runner.run(main)
  File "C:\Users\user\AppData\Local\Python\pythoncore-3.14-64\Lib\asyncio\runners.py", line 127, in run
    return self._loop.run_until_complete(task)
  File "C:\Users\user\AppData\Local\Python\pythoncore-3.14-64\Lib\asyncio\base_events.py", line 706, in run_until_complete
    self.run_forever()
  File "C:\Users\user\AppData\Local\Python\pythoncore-3.14-64\Lib\asyncio\base_events.py", line 677, in run_forever
    self._run_once()
  File "C:\Users\user\AppData\Local\Python\pythoncore-3.14-64\Lib\asyncio\base_events.py", line 2019, in _run_once
    event_list = self._selector.select(timeout)
  File "C:\Users\user\AppData\Local\Python\pythoncore-3.14-64\Lib\asyncio\windows_events.py", line 446, in select
    self._poll(timeout)
  File "C:\Users\user\AppData\Local\Python\pythoncore-3.14-64\Lib\asyncio\windows_events.py", line 775, in _poll
    status = _overlapped.GetQueuedCompletionStatus(self._iocp, ms)

2026-10-08 04:21:03,450 [WARNING] disnake.gateway: Shard ID None heartbeat blocked for more than 870 seconds.
Loop thread traceback (most recent call last):
  File "C:\Users\user\Desktop\12345\main.py", line 179, in <module>
    asyncio.run(main())
  File "C:\Users\user\AppData\Local\Python\pythoncore-3.14-64\Lib\asyncio\runners.py", line 204, in run
    return runner.run(main)
  File "C:\Users\user\AppData\Local\Python\pythoncore-3.14-64\Lib\asyncio\runners.py", line 127, in run
    return self._loop.run_until_complete(task)
  File "C:\Users\user\AppData\Local\Python\pythoncore-3.14-64\Lib\asyncio\base_events.py", line 706, in run_until_complete
    self.run_forever()
  File "C:\Users\user\AppData\Local\Python\pythoncore-3.14-64\Lib\asyncio\base_events.py", line 677, in run_forever
    self._run_once()
  File "C:\Users\user\AppData\Local\Python\pythoncore-3.14-64\Lib\asyncio\base_events.py", line 2019, in _run_once
    event_list = self._selector.select(timeout)
  File "C:\Users\user\AppData\Local\Python\pythoncore-3.14-64\Lib\asyncio\windows_events.py", line 446, in select
    self._poll(timeout)
  File "C:\Users\user\AppData\Local\Python\pythoncore-3.14-64\Lib\asyncio\windows_events.py", line 775, in _poll
    status = _overlapped.GetQueuedCompletionStatus(self._iocp, ms)

2026-10-08 04:21:13,464 [WARNING] disnake.gateway: Shard ID None heartbeat blocked for more than 880 seconds.
Loop thread traceback (most recent call last):
  File "C:\Users\user\Desktop\12345\main.py", line 179, in <module>
    asyncio.run(main())
  File "C:\Users\user\AppData\Local\Python\pythoncore-3.14-64\Lib\asyncio\runners.py", line 204, in run
    return runner.run(main)
  File "C:\Users\user\AppData\Local\Python\pythoncore-3.14-64\Lib\asyncio\runners.py", line 127, in run
    return self._loop.run_until_complete(task)
  File "C:\Users\user\AppData\Local\Python\pythoncore-3.14-64\Lib\asyncio\base_events.py", line 706, in run_until_complete
    self.run_forever()
  File "C:\Users\user\AppData\Local\Python\pythoncore-3.14-64\Lib\asyncio\base_events.py", line 677, in run_forever
    self._run_once()
  File "C:\Users\user\AppData\Local\Python\pythoncore-3.14-64\Lib\asyncio\base_events.py", line 2019, in _run_once
    event_list = self._selector.select(timeout)
  File "C:\Users\user\AppData\Local\Python\pythoncore-3.14-64\Lib\asyncio\windows_events.py", line 446, in select
    self._poll(timeout)
  File "C:\Users\user\AppData\Local\Python\pythoncore-3.14-64\Lib\asyncio\windows_events.py", line 775, in _poll
    status = _overlapped.GetQueuedCompletionStatus(self._iocp, ms)

2026-10-08 04:21:23,469 [WARNING] disnake.gateway: Shard ID None heartbeat blocked for more than 890 seconds.
Loop thread traceback (most recent call last):
  File "C:\Users\user\Desktop\12345\main.py", line 179, in <module>
    asyncio.run(main())
  File "C:\Users\user\AppData\Local\Python\pythoncore-3.14-64\Lib\asyncio\runners.py", line 204, in run
    return runner.run(main)
  File "C:\Users\user\AppData\Local\Python\pythoncore-3.14-64\Lib\asyncio\runners.py", line 127, in run
    return self._loop.run_until_complete(task)
  File "C:\Users\user\AppData\Local\Python\pythoncore-3.14-64\Lib\asyncio\base_events.py", line 706, in run_until_complete
    self.run_forever()
  File "C:\Users\user\AppData\Local\Python\pythoncore-3.14-64\Lib\asyncio\base_events.py", line 677, in run_forever
    self._run_once()
  File "C:\Users\user\AppData\Local\Python\pythoncore-3.14-64\Lib\asyncio\base_events.py", line 2019, in _run_once
    event_list = self._selector.select(timeout)
  File "C:\Users\user\AppData\Local\Python\pythoncore-3.14-64\Lib\asyncio\windows_events.py", line 446, in select
    self._poll(timeout)
  File "C:\Users\user\AppData\Local\Python\pythoncore-3.14-64\Lib\asyncio\windows_events.py", line 775, in _poll
    status = _overlapped.GetQueuedCompletionStatus(self._iocp, ms)

2026-10-08 04:21:33,481 [WARNING] disnake.gateway: Shard ID None heartbeat blocked for more than 900 seconds.
Loop thread traceback (most recent call last):
  File "C:\Users\user\Desktop\12345\main.py", line 179, in <module>
    asyncio.run(main())
  File "C:\Users\user\AppData\Local\Python\pythoncore-3.14-64\Lib\asyncio\runners.py", line 204, in run
    return runner.run(main)
  File "C:\Users\user\AppData\Local\Python\pythoncore-3.14-64\Lib\asyncio\runners.py", line 127, in run
    return self._loop.run_until_complete(task)
  File "C:\Users\user\AppData\Local\Python\pythoncore-3.14-64\Lib\asyncio\base_events.py", line 706, in run_until_complete
    self.run_forever()
  File "C:\Users\user\AppData\Local\Python\pythoncore-3.14-64\Lib\asyncio\base_events.py", line 677, in run_forever
    self._run_once()
  File "C:\Users\user\AppData\Local\Python\pythoncore-3.14-64\Lib\asyncio\base_events.py", line 2019, in _run_once
    event_list = self._selector.select(timeout)
  File "C:\Users\user\AppData\Local\Python\pythoncore-3.14-64\Lib\asyncio\windows_events.py", line 446, in select
    self._poll(timeout)
  File "C:\Users\user\AppData\Local\Python\pythoncore-3.14-64\Lib\asyncio\windows_events.py", line 775, in _poll
    status = _overlapped.GetQueuedCompletionStatus(self._iocp, ms)

2026-10-08 04:21:36,016 [WARNING] disnake.gateway: Can't keep up, shard ID None websocket is 944.5s behind.
2026-10-08 04:21:43,495 [WARNING] disnake.gateway: Shard ID None heartbeat blocked for more than 910 seconds.
Loop thread traceback (most recent call last):
  File "C:\Users\user\Desktop\12345\main.py", line 179, in <module>
    asyncio.run(main())
  File "C:\Users\user\AppData\Local\Python\pythoncore-3.14-64\Lib\asyncio\runners.py", line 204, in run
    return runner.run(main)
  File "C:\Users\user\AppData\Local\Python\pythoncore-3.14-64\Lib\asyncio\runners.py", line 127, in run
    return self._loop.run_until_complete(task)
  File "C:\Users\user\AppData\Local\Python\pythoncore-3.14-64\Lib\asyncio\base_events.py", line 706, in run_until_complete
    self.run_forever()
  File "C:\Users\user\AppData\Local\Python\pythoncore-3.14-64\Lib\asyncio\base_events.py", line 677, in run_forever
    self._run_once()
  File "C:\Users\user\AppData\Local\Python\pythoncore-3.14-64\Lib\asyncio\base_events.py", line 2019, in _run_once
    event_list = self._selector.select(timeout)
  File "C:\Users\user\AppData\Local\Python\pythoncore-3.14-64\Lib\asyncio\windows_events.py", line 446, in select
    self._poll(timeout)
  File "C:\Users\user\AppData\Local\Python\pythoncore-3.14-64\Lib\asyncio\windows_events.py", line 775, in _poll
    status = _overlapped.GetQueuedCompletionStatus(self._iocp, ms)

2026-10-08 04:21:53,503 [WARNING] disnake.gateway: Shard ID None heartbeat blocked for more than 920 seconds.
Loop thread traceback (most recent call last):
  File "C:\Users\user\Desktop\12345\main.py", line 179, in <module>
    asyncio.run(main())
  File "C:\Users\user\AppData\Local\Python\pythoncore-3.14-64\Lib\asyncio\runners.py", line 204, in run
    return runner.run(main)
  File "C:\Users\user\AppData\Local\Python\pythoncore-3.14-64\Lib\asyncio\runners.py", line 127, in run
    return self._loop.run_until_complete(task)
  File "C:\Users\user\AppData\Local\Python\pythoncore-3.14-64\Lib\asyncio\base_events.py", line 706, in run_until_complete
    self.run_forever()
  File "C:\Users\user\AppData\Local\Python\pythoncore-3.14-64\Lib\asyncio\base_events.py", line 677, in run_forever
    self._run_once()
  File "C:\Users\user\AppData\Local\Python\pythoncore-3.14-64\Lib\asyncio\base_events.py", line 2019, in _run_once
    event_list = self._selector.select(timeout)
  File "C:\Users\user\AppData\Local\Python\pythoncore-3.14-64\Lib\asyncio\windows_events.py", line 446, in select
    self._poll(timeout)
  File "C:\Users\user\AppData\Local\Python\pythoncore-3.14-64\Lib\asyncio\windows_events.py", line 775, in _poll
    status = _overlapped.GetQueuedCompletionStatus(self._iocp, ms)

2026-10-08 04:22:03,517 [WARNING] disnake.gateway: Shard ID None heartbeat blocked for more than 930 seconds.
Loop thread traceback (most recent call last):
  File "C:\Users\user\Desktop\12345\main.py", line 179, in <module>
    asyncio.run(main())
  File "C:\Users\user\AppData\Local\Python\pythoncore-3.14-64\Lib\asyncio\runners.py", line 204, in run
    return runner.run(main)
  File "C:\Users\user\AppData\Local\Python\pythoncore-3.14-64\Lib\asyncio\runners.py", line 127, in run
    return self._loop.run_until_complete(task)
  File "C:\Users\user\AppData\Local\Python\pythoncore-3.14-64\Lib\asyncio\base_events.py", line 706, in run_until_complete
    self.run_forever()
  File "C:\Users\user\AppData\Local\Python\pythoncore-3.14-64\Lib\asyncio\base_events.py", line 677, in run_forever
    self._run_once()
  File "C:\Users\user\AppData\Local\Python\pythoncore-3.14-64\Lib\asyncio\base_events.py", line 2019, in _run_once
    event_list = self._selector.select(timeout)
  File "C:\Users\user\AppData\Local\Python\pythoncore-3.14-64\Lib\asyncio\windows_events.py", line 446, in select
    self._poll(timeout)
  File "C:\Users\user\AppData\Local\Python\pythoncore-3.14-64\Lib\asyncio\windows_events.py", line 775, in _poll
    status = _overlapped.GetQueuedCompletionStatus(self._iocp, ms)

2026-10-08 04:22:13,530 [WARNING] disnake.gateway: Shard ID None heartbeat blocked for more than 940 seconds.
Loop thread traceback (most recent call last):
  File "C:\Users\user\Desktop\12345\main.py", line 179, in <module>
    asyncio.run(main())
  File "C:\Users\user\AppData\Local\Python\pythoncore-3.14-64\Lib\asyncio\runners.py", line 204, in run
    return runner.run(main)
  File "C:\Users\user\AppData\Local\Python\pythoncore-3.14-64\Lib\asyncio\runners.py", line 127, in run
    return self._loop.run_until_complete(task)
  File "C:\Users\user\AppData\Local\Python\pythoncore-3.14-64\Lib\asyncio\base_events.py", line 706, in run_until_complete
    self.run_forever()
  File "C:\Users\user\AppData\Local\Python\pythoncore-3.14-64\Lib\asyncio\base_events.py", line 677, in run_forever
    self._run_once()
  File "C:\Users\user\AppData\Local\Python\pythoncore-3.14-64\Lib\asyncio\base_events.py", line 2019, in _run_once
    event_list = self._selector.select(timeout)
  File "C:\Users\user\AppData\Local\Python\pythoncore-3.14-64\Lib\asyncio\windows_events.py", line 446, in select
    self._poll(timeout)
  File "C:\Users\user\AppData\Local\Python\pythoncore-3.14-64\Lib\asyncio\windows_events.py", line 775, in _poll
    status = _overlapped.GetQueuedCompletionStatus(self._iocp, ms)

2026-10-08 04:22:23,535 [WARNING] disnake.gateway: Shard ID None heartbeat blocked for more than 950 seconds.
Loop thread traceback (most recent call last):
  File "C:\Users\user\Desktop\12345\main.py", line 179, in <module>
    asyncio.run(main())
  File "C:\Users\user\AppData\Local\Python\pythoncore-3.14-64\Lib\asyncio\runners.py", line 204, in run
    return runner.run(main)
  File "C:\Users\user\AppData\Local\Python\pythoncore-3.14-64\Lib\asyncio\runners.py", line 127, in run
    return self._loop.run_until_complete(task)
  File "C:\Users\user\AppData\Local\Python\pythoncore-3.14-64\Lib\asyncio\base_events.py", line 706, in run_until_complete
    self.run_forever()
  File "C:\Users\user\AppData\Local\Python\pythoncore-3.14-64\Lib\asyncio\base_events.py", line 677, in run_forever
    self._run_once()
  File "C:\Users\user\AppData\Local\Python\pythoncore-3.14-64\Lib\asyncio\base_events.py", line 2019, in _run_once
    event_list = self._selector.select(timeout)
  File "C:\Users\user\AppData\Local\Python\pythoncore-3.14-64\Lib\asyncio\windows_events.py", line 446, in select
    self._poll(timeout)
  File "C:\Users\user\AppData\Local\Python\pythoncore-3.14-64\Lib\asyncio\windows_events.py", line 775, in _poll
    status = _overlapped.GetQueuedCompletionStatus(self._iocp, ms)

2026-10-08 04:22:25,674 [WARNING] disnake.gateway: Can't keep up, shard ID None websocket is 994.2s behind.
2026-10-08 04:22:33,545 [WARNING] disnake.gateway: Shard ID None heartbeat blocked for more than 960 seconds.
Loop thread traceback (most recent call last):
  File "C:\Users\user\Desktop\12345\main.py", line 179, in <module>
    asyncio.run(main())
  File "C:\Users\user\AppData\Local\Python\pythoncore-3.14-64\Lib\asyncio\runners.py", line 204, in run
    return runner.run(main)
  File "C:\Users\user\AppData\Local\Python\pythoncore-3.14-64\Lib\asyncio\runners.py", line 127, in run
    return self._loop.run_until_complete(task)
  File "C:\Users\user\AppData\Local\Python\pythoncore-3.14-64\Lib\asyncio\base_events.py", line 706, in run_until_complete
    self.run_forever()
  File "C:\Users\user\AppData\Local\Python\pythoncore-3.14-64\Lib\asyncio\base_events.py", line 677, in run_forever
    self._run_once()
  File "C:\Users\user\AppData\Local\Python\pythoncore-3.14-64\Lib\asyncio\base_events.py", line 2019, in _run_once
    event_list = self._selector.select(timeout)
  File "C:\Users\user\AppData\Local\Python\pythoncore-3.14-64\Lib\asyncio\windows_events.py", line 446, in select
    self._poll(timeout)
  File "C:\Users\user\AppData\Local\Python\pythoncore-3.14-64\Lib\asyncio\windows_events.py", line 775, in _poll
    status = _overlapped.GetQueuedCompletionStatus(self._iocp, ms)

2026-10-08 04:22:43,560 [WARNING] disnake.gateway: Shard ID None heartbeat blocked for more than 970 seconds.
Loop thread traceback (most recent call last):
  File "C:\Users\user\Desktop\12345\main.py", line 179, in <module>
    asyncio.run(main())
  File "C:\Users\user\AppData\Local\Python\pythoncore-3.14-64\Lib\asyncio\runners.py", line 204, in run
    return runner.run(main)
  File "C:\Users\user\AppData\Local\Python\pythoncore-3.14-64\Lib\asyncio\runners.py", line 127, in run
    return self._loop.run_until_complete(task)
  File "C:\Users\user\AppData\Local\Python\pythoncore-3.14-64\Lib\asyncio\base_events.py", line 706, in run_until_complete
    self.run_forever()
  File "C:\Users\user\AppData\Local\Python\pythoncore-3.14-64\Lib\asyncio\base_events.py", line 677, in run_forever
    self._run_once()
  File "C:\Users\user\AppData\Local\Python\pythoncore-3.14-64\Lib\asyncio\base_events.py", line 2019, in _run_once
    event_list = self._selector.select(timeout)
  File "C:\Users\user\AppData\Local\Python\pythoncore-3.14-64\Lib\asyncio\windows_events.py", line 446, in select
    self._poll(timeout)
  File "C:\Users\user\AppData\Local\Python\pythoncore-3.14-64\Lib\asyncio\windows_events.py", line 775, in _poll
    status = _overlapped.GetQueuedCompletionStatus(self._iocp, ms)

2026-10-08 04:22:53,573 [WARNING] disnake.gateway: Shard ID None heartbeat blocked for more than 980 seconds.
Loop thread traceback (most recent call last):
  File "C:\Users\user\Desktop\12345\main.py", line 179, in <module>
    asyncio.run(main())
  File "C:\Users\user\AppData\Local\Python\pythoncore-3.14-64\Lib\asyncio\runners.py", line 204, in run
    return runner.run(main)
  File "C:\Users\user\AppData\Local\Python\pythoncore-3.14-64\Lib\asyncio\runners.py", line 127, in run
    return self._loop.run_until_complete(task)
  File "C:\Users\user\AppData\Local\Python\pythoncore-3.14-64\Lib\asyncio\base_events.py", line 706, in run_until_complete
    self.run_forever()
  File "C:\Users\user\AppData\Local\Python\pythoncore-3.14-64\Lib\asyncio\base_events.py", line 677, in run_forever
    self._run_once()
  File "C:\Users\user\AppData\Local\Python\pythoncore-3.14-64\Lib\asyncio\base_events.py", line 2019, in _run_once
    event_list = self._selector.select(timeout)
  File "C:\Users\user\AppData\Local\Python\pythoncore-3.14-64\Lib\asyncio\windows_events.py", line 446, in select
    self._poll(timeout)
  File "C:\Users\user\AppData\Local\Python\pythoncore-3.14-64\Lib\asyncio\windows_events.py", line 775, in _poll
    status = _overlapped.GetQueuedCompletionStatus(self._iocp, ms)

2026-10-08 04:23:03,578 [WARNING] disnake.gateway: Shard ID None heartbeat blocked for more than 990 seconds.
Loop thread traceback (most recent call last):
  File "C:\Users\user\Desktop\12345\main.py", line 179, in <module>
    asyncio.run(main())
  File "C:\Users\user\AppData\Local\Python\pythoncore-3.14-64\Lib\asyncio\runners.py", line 204, in run
    return runner.run(main)
  File "C:\Users\user\AppData\Local\Python\pythoncore-3.14-64\Lib\asyncio\runners.py", line 127, in run
    return self._loop.run_until_complete(task)
  File "C:\Users\user\AppData\Local\Python\pythoncore-3.14-64\Lib\asyncio\base_events.py", line 706, in run_until_complete
    self.run_forever()
  File "C:\Users\user\AppData\Local\Python\pythoncore-3.14-64\Lib\asyncio\base_events.py", line 677, in run_forever
    self._run_once()
  File "C:\Users\user\AppData\Local\Python\pythoncore-3.14-64\Lib\asyncio\base_events.py", line 2019, in _run_once
    event_list = self._selector.select(timeout)
  File "C:\Users\user\AppData\Local\Python\pythoncore-3.14-64\Lib\asyncio\windows_events.py", line 446, in select
    self._poll(timeout)
  File "C:\Users\user\AppData\Local\Python\pythoncore-3.14-64\Lib\asyncio\windows_events.py", line 775, in _poll
    status = _overlapped.GetQueuedCompletionStatus(self._iocp, ms)

2026-10-08 04:23:13,589 [WARNING] disnake.gateway: Shard ID None heartbeat blocked for more than 1000 seconds.
Loop thread traceback (most recent call last):
  File "C:\Users\user\Desktop\12345\main.py", line 179, in <module>
    asyncio.run(main())
  File "C:\Users\user\AppData\Local\Python\pythoncore-3.14-64\Lib\asyncio\runners.py", line 204, in run
    return runner.run(main)
  File "C:\Users\user\AppData\Local\Python\pythoncore-3.14-64\Lib\asyncio\runners.py", line 127, in run
    return self._loop.run_until_complete(task)
  File "C:\Users\user\AppData\Local\Python\pythoncore-3.14-64\Lib\asyncio\base_events.py", line 706, in run_until_complete
    self.run_forever()
  File "C:\Users\user\AppData\Local\Python\pythoncore-3.14-64\Lib\asyncio\base_events.py", line 677, in run_forever
    self._run_once()
  File "C:\Users\user\AppData\Local\Python\pythoncore-3.14-64\Lib\asyncio\base_events.py", line 2019, in _run_once
    event_list = self._selector.select(timeout)
  File "C:\Users\user\AppData\Local\Python\pythoncore-3.14-64\Lib\asyncio\windows_events.py", line 446, in select
    self._poll(timeout)
  File "C:\Users\user\AppData\Local\Python\pythoncore-3.14-64\Lib\asyncio\windows_events.py", line 775, in _poll
    status = _overlapped.GetQueuedCompletionStatus(self._iocp, ms)

2026-10-08 04:23:15,361 [WARNING] disnake.gateway: Can't keep up, shard ID None websocket is 1043.9s behind.
2026-10-08 04:23:23,598 [WARNING] disnake.gateway: Shard ID None heartbeat blocked for more than 1010 seconds.
Loop thread traceback (most recent call last):
  File "C:\Users\user\Desktop\12345\main.py", line 179, in <module>
    asyncio.run(main())
  File "C:\Users\user\AppData\Local\Python\pythoncore-3.14-64\Lib\asyncio\runners.py", line 204, in run
    return runner.run(main)
  File "C:\Users\user\AppData\Local\Python\pythoncore-3.14-64\Lib\asyncio\runners.py", line 127, in run
    return self._loop.run_until_complete(task)
  File "C:\Users\user\AppData\Local\Python\pythoncore-3.14-64\Lib\asyncio\base_events.py", line 706, in run_until_complete
    self.run_forever()
  File "C:\Users\user\AppData\Local\Python\pythoncore-3.14-64\Lib\asyncio\base_events.py", line 677, in run_forever
    self._run_once()
  File "C:\Users\user\AppData\Local\Python\pythoncore-3.14-64\Lib\asyncio\base_events.py", line 2019, in _run_once
    event_list = self._selector.select(timeout)
  File "C:\Users\user\AppData\Local\Python\pythoncore-3.14-64\Lib\asyncio\windows_events.py", line 446, in select
    self._poll(timeout)
  File "C:\Users\user\AppData\Local\Python\pythoncore-3.14-64\Lib\asyncio\windows_events.py", line 775, in _poll
    status = _overlapped.GetQueuedCompletionStatus(self._iocp, ms)

2026-10-08 04:23:33,606 [WARNING] disnake.gateway: Shard ID None heartbeat blocked for more than 1020 seconds.
Loop thread traceback (most recent call last):
  File "C:\Users\user\Desktop\12345\main.py", line 179, in <module>
    asyncio.run(main())
  File "C:\Users\user\AppData\Local\Python\pythoncore-3.14-64\Lib\asyncio\runners.py", line 204, in run
    return runner.run(main)
  File "C:\Users\user\AppData\Local\Python\pythoncore-3.14-64\Lib\asyncio\runners.py", line 127, in run
    return self._loop.run_until_complete(task)
  File "C:\Users\user\AppData\Local\Python\pythoncore-3.14-64\Lib\asyncio\base_events.py", line 706, in run_until_complete
    self.run_forever()
  File "C:\Users\user\AppData\Local\Python\pythoncore-3.14-64\Lib\asyncio\base_events.py", line 677, in run_forever
    self._run_once()
  File "C:\Users\user\AppData\Local\Python\pythoncore-3.14-64\Lib\asyncio\base_events.py", line 2019, in _run_once
    event_list = self._selector.select(timeout)
  File "C:\Users\user\AppData\Local\Python\pythoncore-3.14-64\Lib\asyncio\windows_events.py", line 446, in select
    self._poll(timeout)
  File "C:\Users\user\AppData\Local\Python\pythoncore-3.14-64\Lib\asyncio\windows_events.py", line 775, in _poll
    status = _overlapped.GetQueuedCompletionStatus(self._iocp, ms)

2026-10-08 04:23:43,615 [WARNING] disnake.gateway: Shard ID None heartbeat blocked for more than 1030 seconds.
Loop thread traceback (most recent call last):
  File "C:\Users\user\Desktop\12345\main.py", line 179, in <module>
    asyncio.run(main())
  File "C:\Users\user\AppData\Local\Python\pythoncore-3.14-64\Lib\asyncio\runners.py", line 204, in run
    return runner.run(main)
  File "C:\Users\user\AppData\Local\Python\pythoncore-3.14-64\Lib\asyncio\runners.py", line 127, in run
    return self._loop.run_until_complete(task)
  File "C:\Users\user\AppData\Local\Python\pythoncore-3.14-64\Lib\asyncio\base_events.py", line 706, in run_until_complete
    self.run_forever()
  File "C:\Users\user\AppData\Local\Python\pythoncore-3.14-64\Lib\asyncio\base_events.py", line 677, in run_forever
    self._run_once()
  File "C:\Users\user\AppData\Local\Python\pythoncore-3.14-64\Lib\asyncio\base_events.py", line 2019, in _run_once
    event_list = self._selector.select(timeout)
  File "C:\Users\user\AppData\Local\Python\pythoncore-3.14-64\Lib\asyncio\windows_events.py", line 446, in select
    self._poll(timeout)
  File "C:\Users\user\AppData\Local\Python\pythoncore-3.14-64\Lib\asyncio\windows_events.py", line 775, in _poll
    status = _overlapped.GetQueuedCompletionStatus(self._iocp, ms)

2026-10-08 04:23:53,630 [WARNING] disnake.gateway: Shard ID None heartbeat blocked for more than 1040 seconds.
Loop thread traceback (most recent call last):
  File "C:\Users\user\Desktop\12345\main.py", line 179, in <module>
    asyncio.run(main())
  File "C:\Users\user\AppData\Local\Python\pythoncore-3.14-64\Lib\asyncio\runners.py", line 204, in run
    return runner.run(main)
  File "C:\Users\user\AppData\Local\Python\pythoncore-3.14-64\Lib\asyncio\runners.py", line 127, in run
    return self._loop.run_until_complete(task)
  File "C:\Users\user\AppData\Local\Python\pythoncore-3.14-64\Lib\asyncio\base_events.py", line 706, in run_until_complete
    self.run_forever()
  File "C:\Users\user\AppData\Local\Python\pythoncore-3.14-64\Lib\asyncio\base_events.py", line 677, in run_forever
    self._run_once()
  File "C:\Users\user\AppData\Local\Python\pythoncore-3.14-64\Lib\asyncio\base_events.py", line 2019, in _run_once
    event_list = self._selector.select(timeout)
  File "C:\Users\user\AppData\Local\Python\pythoncore-3.14-64\Lib\asyncio\windows_events.py", line 446, in select
    self._poll(timeout)
  File "C:\Users\user\AppData\Local\Python\pythoncore-3.14-64\Lib\asyncio\windows_events.py", line 775, in _poll
    status = _overlapped.GetQueuedCompletionStatus(self._iocp, ms)

2026-10-08 04:24:03,644 [WARNING] disnake.gateway: Shard ID None heartbeat blocked for more than 1050 seconds.
Loop thread traceback (most recent call last):
  File "C:\Users\user\Desktop\12345\main.py", line 179, in <module>
    asyncio.run(main())
  File "C:\Users\user\AppData\Local\Python\pythoncore-3.14-64\Lib\asyncio\runners.py", line 204, in run
    return runner.run(main)
  File "C:\Users\user\AppData\Local\Python\pythoncore-3.14-64\Lib\asyncio\runners.py", line 127, in run
    return self._loop.run_until_complete(task)
  File "C:\Users\user\AppData\Local\Python\pythoncore-3.14-64\Lib\asyncio\base_events.py", line 706, in run_until_complete
    self.run_forever()
  File "C:\Users\user\AppData\Local\Python\pythoncore-3.14-64\Lib\asyncio\base_events.py", line 677, in run_forever
    self._run_once()
  File "C:\Users\user\AppData\Local\Python\pythoncore-3.14-64\Lib\asyncio\base_events.py", line 2019, in _run_once
    event_list = self._selector.select(timeout)
  File "C:\Users\user\AppData\Local\Python\pythoncore-3.14-64\Lib\asyncio\windows_events.py", line 446, in select
    self._poll(timeout)
  File "C:\Users\user\AppData\Local\Python\pythoncore-3.14-64\Lib\asyncio\windows_events.py", line 775, in _poll
    status = _overlapped.GetQueuedCompletionStatus(self._iocp, ms)

2026-10-08 04:24:05,073 [WARNING] disnake.gateway: Can't keep up, shard ID None websocket is 1093.6s behind.
2026-10-08 04:24:13,647 [WARNING] disnake.gateway: Shard ID None heartbeat blocked for more than 1060 seconds.
Loop thread traceback (most recent call last):
  File "C:\Users\user\Desktop\12345\main.py", line 179, in <module>
    asyncio.run(main())
  File "C:\Users\user\AppData\Local\Python\pythoncore-3.14-64\Lib\asyncio\runners.py", line 204, in run
    return runner.run(main)
  File "C:\Users\user\AppData\Local\Python\pythoncore-3.14-64\Lib\asyncio\runners.py", line 127, in run
    return self._loop.run_until_complete(task)
  File "C:\Users\user\AppData\Local\Python\pythoncore-3.14-64\Lib\asyncio\base_events.py", line 706, in run_until_complete
    self.run_forever()
  File "C:\Users\user\AppData\Local\Python\pythoncore-3.14-64\Lib\asyncio\base_events.py", line 677, in run_forever
    self._run_once()
  File "C:\Users\user\AppData\Local\Python\pythoncore-3.14-64\Lib\asyncio\base_events.py", line 2019, in _run_once
    event_list = self._selector.select(timeout)
  File "C:\Users\user\AppData\Local\Python\pythoncore-3.14-64\Lib\asyncio\windows_events.py", line 446, in select
    self._poll(timeout)
  File "C:\Users\user\AppData\Local\Python\pythoncore-3.14-64\Lib\asyncio\windows_events.py", line 775, in _poll
    status = _overlapped.GetQueuedCompletionStatus(self._iocp, ms)

2026-10-08 04:24:23,647 [WARNING] disnake.gateway: Shard ID None heartbeat blocked for more than 1070 seconds.
Loop thread traceback (most recent call last):
  File "C:\Users\user\Desktop\12345\main.py", line 179, in <module>
    asyncio.run(main())
  File "C:\Users\user\AppData\Local\Python\pythoncore-3.14-64\Lib\asyncio\runners.py", line 204, in run
    return runner.run(main)
  File "C:\Users\user\AppData\Local\Python\pythoncore-3.14-64\Lib\asyncio\runners.py", line 127, in run
    return self._loop.run_until_complete(task)
  File "C:\Users\user\AppData\Local\Python\pythoncore-3.14-64\Lib\asyncio\base_events.py", line 706, in run_until_complete
    self.run_forever()
  File "C:\Users\user\AppData\Local\Python\pythoncore-3.14-64\Lib\asyncio\base_events.py", line 677, in run_forever
    self._run_once()
  File "C:\Users\user\AppData\Local\Python\pythoncore-3.14-64\Lib\asyncio\base_events.py", line 2019, in _run_once
    event_list = self._selector.select(timeout)
  File "C:\Users\user\AppData\Local\Python\pythoncore-3.14-64\Lib\asyncio\windows_events.py", line 446, in select
    self._poll(timeout)
  File "C:\Users\user\AppData\Local\Python\pythoncore-3.14-64\Lib\asyncio\windows_events.py", line 775, in _poll
    status = _overlapped.GetQueuedCompletionStatus(self._iocp, ms)

2026-10-08 04:24:33,657 [WARNING] disnake.gateway: Shard ID None heartbeat blocked for more than 1080 seconds.
Loop thread traceback (most recent call last):
  File "C:\Users\user\Desktop\12345\main.py", line 179, in <module>
    asyncio.run(main())
  File "C:\Users\user\AppData\Local\Python\pythoncore-3.14-64\Lib\asyncio\runners.py", line 204, in run
    return runner.run(main)
  File "C:\Users\user\AppData\Local\Python\pythoncore-3.14-64\Lib\asyncio\runners.py", line 127, in run
    return self._loop.run_until_complete(task)
  File "C:\Users\user\AppData\Local\Python\pythoncore-3.14-64\Lib\asyncio\base_events.py", line 706, in run_until_complete
    self.run_forever()
  File "C:\Users\user\AppData\Local\Python\pythoncore-3.14-64\Lib\asyncio\base_events.py", line 677, in run_forever
    self._run_once()
  File "C:\Users\user\AppData\Local\Python\pythoncore-3.14-64\Lib\asyncio\base_events.py", line 2019, in _run_once
    event_list = self._selector.select(timeout)
  File "C:\Users\user\AppData\Local\Python\pythoncore-3.14-64\Lib\asyncio\windows_events.py", line 446, in select
    self._poll(timeout)
  File "C:\Users\user\AppData\Local\Python\pythoncore-3.14-64\Lib\asyncio\windows_events.py", line 775, in _poll
    status = _overlapped.GetQueuedCompletionStatus(self._iocp, ms)

2026-10-08 04:24:43,660 [WARNING] disnake.gateway: Shard ID None heartbeat blocked for more than 1090 seconds.
Loop thread traceback (most recent call last):
  File "C:\Users\user\Desktop\12345\main.py", line 179, in <module>
    asyncio.run(main())
  File "C:\Users\user\AppData\Local\Python\pythoncore-3.14-64\Lib\asyncio\runners.py", line 204, in run
    return runner.run(main)
  File "C:\Users\user\AppData\Local\Python\pythoncore-3.14-64\Lib\asyncio\runners.py", line 127, in run
    return self._loop.run_until_complete(task)
  File "C:\Users\user\AppData\Local\Python\pythoncore-3.14-64\Lib\asyncio\base_events.py", line 706, in run_until_complete
    self.run_forever()
  File "C:\Users\user\AppData\Local\Python\pythoncore-3.14-64\Lib\asyncio\base_events.py", line 677, in run_forever
    self._run_once()
  File "C:\Users\user\AppData\Local\Python\pythoncore-3.14-64\Lib\asyncio\base_events.py", line 2019, in _run_once
    event_list = self._selector.select(timeout)
  File "C:\Users\user\AppData\Local\Python\pythoncore-3.14-64\Lib\asyncio\windows_events.py", line 446, in select
    self._poll(timeout)
  File "C:\Users\user\AppData\Local\Python\pythoncore-3.14-64\Lib\asyncio\windows_events.py", line 775, in _poll
    status = _overlapped.GetQueuedCompletionStatus(self._iocp, ms)

2026-10-08 04:24:53,673 [WARNING] disnake.gateway: Shard ID None heartbeat blocked for more than 1100 seconds.
Loop thread traceback (most recent call last):
  File "C:\Users\user\Desktop\12345\main.py", line 179, in <module>
    asyncio.run(main())
  File "C:\Users\user\AppData\Local\Python\pythoncore-3.14-64\Lib\asyncio\runners.py", line 204, in run
    return runner.run(main)
  File "C:\Users\user\AppData\Local\Python\pythoncore-3.14-64\Lib\asyncio\runners.py", line 127, in run
    return self._loop.run_until_complete(task)
  File "C:\Users\user\AppData\Local\Python\pythoncore-3.14-64\Lib\asyncio\base_events.py", line 706, in run_until_complete
    self.run_forever()
  File "C:\Users\user\AppData\Local\Python\pythoncore-3.14-64\Lib\asyncio\base_events.py", line 677, in run_forever
    self._run_once()
  File "C:\Users\user\AppData\Local\Python\pythoncore-3.14-64\Lib\asyncio\base_events.py", line 2019, in _run_once
    event_list = self._selector.select(timeout)
  File "C:\Users\user\AppData\Local\Python\pythoncore-3.14-64\Lib\asyncio\windows_events.py", line 446, in select
    self._poll(timeout)
  File "C:\Users\user\AppData\Local\Python\pythoncore-3.14-64\Lib\asyncio\windows_events.py", line 775, in _poll
    status = _overlapped.GetQueuedCompletionStatus(self._iocp, ms)

2026-10-08 04:24:54,761 [WARNING] disnake.gateway: Can't keep up, shard ID None websocket is 1143.3s behind.
2026-10-08 04:25:03,685 [WARNING] disnake.gateway: Shard ID None heartbeat blocked for more than 1110 seconds.
Loop thread traceback (most recent call last):
  File "C:\Users\user\Desktop\12345\main.py", line 179, in <module>
    asyncio.run(main())
  File "C:\Users\user\AppData\Local\Python\pythoncore-3.14-64\Lib\asyncio\runners.py", line 204, in run
    return runner.run(main)
  File "C:\Users\user\AppData\Local\Python\pythoncore-3.14-64\Lib\asyncio\runners.py", line 127, in run
    return self._loop.run_until_complete(task)
  File "C:\Users\user\AppData\Local\Python\pythoncore-3.14-64\Lib\asyncio\base_events.py", line 706, in run_until_complete
    self.run_forever()
  File "C:\Users\user\AppData\Local\Python\pythoncore-3.14-64\Lib\asyncio\base_events.py", line 677, in run_forever
    self._run_once()
  File "C:\Users\user\AppData\Local\Python\pythoncore-3.14-64\Lib\asyncio\base_events.py", line 2019, in _run_once
    event_list = self._selector.select(timeout)
  File "C:\Users\user\AppData\Local\Python\pythoncore-3.14-64\Lib\asyncio\windows_events.py", line 446, in select
    self._poll(timeout)
  File "C:\Users\user\AppData\Local\Python\pythoncore-3.14-64\Lib\asyncio\windows_events.py", line 775, in _poll
    status = _overlapped.GetQueuedCompletionStatus(self._iocp, ms)

2026-10-08 04:25:13,690 [WARNING] disnake.gateway: Shard ID None heartbeat blocked for more than 1120 seconds.
Loop thread traceback (most recent call last):
  File "C:\Users\user\Desktop\12345\main.py", line 179, in <module>
    asyncio.run(main())
  File "C:\Users\user\AppData\Local\Python\pythoncore-3.14-64\Lib\asyncio\runners.py", line 204, in run
    return runner.run(main)
  File "C:\Users\user\AppData\Local\Python\pythoncore-3.14-64\Lib\asyncio\runners.py", line 127, in run
    return self._loop.run_until_complete(task)
  File "C:\Users\user\AppData\Local\Python\pythoncore-3.14-64\Lib\asyncio\base_events.py", line 706, in run_until_complete
    self.run_forever()
  File "C:\Users\user\AppData\Local\Python\pythoncore-3.14-64\Lib\asyncio\base_events.py", line 677, in run_forever
    self._run_once()
  File "C:\Users\user\AppData\Local\Python\pythoncore-3.14-64\Lib\asyncio\base_events.py", line 2019, in _run_once
    event_list = self._selector.select(timeout)
  File "C:\Users\user\AppData\Local\Python\pythoncore-3.14-64\Lib\asyncio\windows_events.py", line 446, in select
    self._poll(timeout)
  File "C:\Users\user\AppData\Local\Python\pythoncore-3.14-64\Lib\asyncio\windows_events.py", line 775, in _poll
    status = _overlapped.GetQueuedCompletionStatus(self._iocp, ms)

2026-10-08 04:25:23,702 [WARNING] disnake.gateway: Shard ID None heartbeat blocked for more than 1130 seconds.
Loop thread traceback (most recent call last):
  File "C:\Users\user\Desktop\12345\main.py", line 179, in <module>
    asyncio.run(main())
  File "C:\Users\user\AppData\Local\Python\pythoncore-3.14-64\Lib\asyncio\runners.py", line 204, in run
    return runner.run(main)
  File "C:\Users\user\AppData\Local\Python\pythoncore-3.14-64\Lib\asyncio\runners.py", line 127, in run
    return self._loop.run_until_complete(task)
  File "C:\Users\user\AppData\Local\Python\pythoncore-3.14-64\Lib\asyncio\base_events.py", line 706, in run_until_complete
    self.run_forever()
  File "C:\Users\user\AppData\Local\Python\pythoncore-3.14-64\Lib\asyncio\base_events.py", line 677, in run_forever
    self._run_once()
  File "C:\Users\user\AppData\Local\Python\pythoncore-3.14-64\Lib\asyncio\base_events.py", line 2019, in _run_once
    event_list = self._selector.select(timeout)
  File "C:\Users\user\AppData\Local\Python\pythoncore-3.14-64\Lib\asyncio\windows_events.py", line 446, in select
    self._poll(timeout)
  File "C:\Users\user\AppData\Local\Python\pythoncore-3.14-64\Lib\asyncio\windows_events.py", line 775, in _poll
    status = _overlapped.GetQueuedCompletionStatus(self._iocp, ms)

2026-10-08 04:25:33,714 [WARNING] disnake.gateway: Shard ID None heartbeat blocked for more than 1140 seconds.
Loop thread traceback (most recent call last):
  File "C:\Users\user\Desktop\12345\main.py", line 179, in <module>
    asyncio.run(main())
  File "C:\Users\user\AppData\Local\Python\pythoncore-3.14-64\Lib\asyncio\runners.py", line 204, in run
    return runner.run(main)
  File "C:\Users\user\AppData\Local\Python\pythoncore-3.14-64\Lib\asyncio\runners.py", line 127, in run
    return self._loop.run_until_complete(task)
  File "C:\Users\user\AppData\Local\Python\pythoncore-3.14-64\Lib\asyncio\base_events.py", line 706, in run_until_complete
    self.run_forever()
  File "C:\Users\user\AppData\Local\Python\pythoncore-3.14-64\Lib\asyncio\base_events.py", line 677, in run_forever
    self._run_once()
  File "C:\Users\user\AppData\Local\Python\pythoncore-3.14-64\Lib\asyncio\base_events.py", line 2019, in _run_once
    event_list = self._selector.select(timeout)
  File "C:\Users\user\AppData\Local\Python\pythoncore-3.14-64\Lib\asyncio\windows_events.py", line 446, in select
    self._poll(timeout)
  File "C:\Users\user\AppData\Local\Python\pythoncore-3.14-64\Lib\asyncio\windows_events.py", line 775, in _poll
    status = _overlapped.GetQueuedCompletionStatus(self._iocp, ms)

2026-10-08 04:25:43,728 [WARNING] disnake.gateway: Shard ID None heartbeat blocked for more than 1150 seconds.
Loop thread traceback (most recent call last):
  File "C:\Users\user\Desktop\12345\main.py", line 179, in <module>
    asyncio.run(main())
  File "C:\Users\user\AppData\Local\Python\pythoncore-3.14-64\Lib\asyncio\runners.py", line 204, in run
    return runner.run(main)
  File "C:\Users\user\AppData\Local\Python\pythoncore-3.14-64\Lib\asyncio\runners.py", line 127, in run
    return self._loop.run_until_complete(task)
  File "C:\Users\user\AppData\Local\Python\pythoncore-3.14-64\Lib\asyncio\base_events.py", line 706, in run_until_complete
    self.run_forever()
  File "C:\Users\user\AppData\Local\Python\pythoncore-3.14-64\Lib\asyncio\base_events.py", line 677, in run_forever
    self._run_once()
  File "C:\Users\user\AppData\Local\Python\pythoncore-3.14-64\Lib\asyncio\base_events.py", line 2019, in _run_once
    event_list = self._selector.select(timeout)
  File "C:\Users\user\AppData\Local\Python\pythoncore-3.14-64\Lib\asyncio\windows_events.py", line 446, in select
    self._poll(timeout)
  File "C:\Users\user\AppData\Local\Python\pythoncore-3.14-64\Lib\asyncio\windows_events.py", line 775, in _poll
    status = _overlapped.GetQueuedCompletionStatus(self._iocp, ms)

2026-10-08 04:25:44,506 [WARNING] disnake.gateway: Can't keep up, shard ID None websocket is 1193.0s behind.
2026-10-08 04:25:53,733 [WARNING] disnake.gateway: Shard ID None heartbeat blocked for more than 1160 seconds.
Loop thread traceback (most recent call last):
  File "C:\Users\user\Desktop\12345\main.py", line 179, in <module>
    asyncio.run(main())
  File "C:\Users\user\AppData\Local\Python\pythoncore-3.14-64\Lib\asyncio\runners.py", line 204, in run
    return runner.run(main)
  File "C:\Users\user\AppData\Local\Python\pythoncore-3.14-64\Lib\asyncio\runners.py", line 127, in run
    return self._loop.run_until_complete(task)
  File "C:\Users\user\AppData\Local\Python\pythoncore-3.14-64\Lib\asyncio\base_events.py", line 706, in run_until_complete
    self.run_forever()
  File "C:\Users\user\AppData\Local\Python\pythoncore-3.14-64\Lib\asyncio\base_events.py", line 677, in run_forever
    self._run_once()
  File "C:\Users\user\AppData\Local\Python\pythoncore-3.14-64\Lib\asyncio\base_events.py", line 2019, in _run_once
    event_list = self._selector.select(timeout)
  File "C:\Users\user\AppData\Local\Python\pythoncore-3.14-64\Lib\asyncio\windows_events.py", line 446, in select
    self._poll(timeout)
  File "C:\Users\user\AppData\Local\Python\pythoncore-3.14-64\Lib\asyncio\windows_events.py", line 775, in _poll
    status = _overlapped.GetQueuedCompletionStatus(self._iocp, ms)

2026-10-08 04:26:03,739 [WARNING] disnake.gateway: Shard ID None heartbeat blocked for more than 1170 seconds.
Loop thread traceback (most recent call last):
  File "C:\Users\user\Desktop\12345\main.py", line 179, in <module>
    asyncio.run(main())
  File "C:\Users\user\AppData\Local\Python\pythoncore-3.14-64\Lib\asyncio\runners.py", line 204, in run
    return runner.run(main)
  File "C:\Users\user\AppData\Local\Python\pythoncore-3.14-64\Lib\asyncio\runners.py", line 127, in run
    return self._loop.run_until_complete(task)
  File "C:\Users\user\AppData\Local\Python\pythoncore-3.14-64\Lib\asyncio\base_events.py", line 706, in run_until_complete
    self.run_forever()
  File "C:\Users\user\AppData\Local\Python\pythoncore-3.14-64\Lib\asyncio\base_events.py", line 677, in run_forever
    self._run_once()
  File "C:\Users\user\AppData\Local\Python\pythoncore-3.14-64\Lib\asyncio\base_events.py", line 2019, in _run_once
    event_list = self._selector.select(timeout)
  File "C:\Users\user\AppData\Local\Python\pythoncore-3.14-64\Lib\asyncio\windows_events.py", line 446, in select
    self._poll(timeout)
  File "C:\Users\user\AppData\Local\Python\pythoncore-3.14-64\Lib\asyncio\windows_events.py", line 775, in _poll
    status = _overlapped.GetQueuedCompletionStatus(self._iocp, ms)

2026-10-08 04:26:13,748 [WARNING] disnake.gateway: Shard ID None heartbeat blocked for more than 1180 seconds.
Loop thread traceback (most recent call last):
  File "C:\Users\user\Desktop\12345\main.py", line 179, in <module>
    asyncio.run(main())
  File "C:\Users\user\AppData\Local\Python\pythoncore-3.14-64\Lib\asyncio\runners.py", line 204, in run
    return runner.run(main)
  File "C:\Users\user\AppData\Local\Python\pythoncore-3.14-64\Lib\asyncio\runners.py", line 127, in run
    return self._loop.run_until_complete(task)
  File "C:\Users\user\AppData\Local\Python\pythoncore-3.14-64\Lib\asyncio\base_events.py", line 706, in run_until_complete
    self.run_forever()
  File "C:\Users\user\AppData\Local\Python\pythoncore-3.14-64\Lib\asyncio\base_events.py", line 677, in run_forever
    self._run_once()
  File "C:\Users\user\AppData\Local\Python\pythoncore-3.14-64\Lib\asyncio\base_events.py", line 2019, in _run_once
    event_list = self._selector.select(timeout)
  File "C:\Users\user\AppData\Local\Python\pythoncore-3.14-64\Lib\asyncio\windows_events.py", line 446, in select
    self._poll(timeout)
  File "C:\Users\user\AppData\Local\Python\pythoncore-3.14-64\Lib\asyncio\windows_events.py", line 775, in _poll
    status = _overlapped.GetQueuedCompletionStatus(self._iocp, ms)

2026-10-08 04:26:23,759 [WARNING] disnake.gateway: Shard ID None heartbeat blocked for more than 1190 seconds.
Loop thread traceback (most recent call last):
  File "C:\Users\user\Desktop\12345\main.py", line 179, in <module>
    asyncio.run(main())
  File "C:\Users\user\AppData\Local\Python\pythoncore-3.14-64\Lib\asyncio\runners.py", line 204, in run
    return runner.run(main)
  File "C:\Users\user\AppData\Local\Python\pythoncore-3.14-64\Lib\asyncio\runners.py", line 127, in run
    return self._loop.run_until_complete(task)
  File "C:\Users\user\AppData\Local\Python\pythoncore-3.14-64\Lib\asyncio\base_events.py", line 706, in run_until_complete
    self.run_forever()
  File "C:\Users\user\AppData\Local\Python\pythoncore-3.14-64\Lib\asyncio\base_events.py", line 677, in run_forever
    self._run_once()
  File "C:\Users\user\AppData\Local\Python\pythoncore-3.14-64\Lib\asyncio\base_events.py", line 2019, in _run_once
    event_list = self._selector.select(timeout)
  File "C:\Users\user\AppData\Local\Python\pythoncore-3.14-64\Lib\asyncio\windows_events.py", line 446, in select
    self._poll(timeout)
  File "C:\Users\user\AppData\Local\Python\pythoncore-3.14-64\Lib\asyncio\windows_events.py", line 775, in _poll
    status = _overlapped.GetQueuedCompletionStatus(self._iocp, ms)

2026-10-08 04:26:33,771 [WARNING] disnake.gateway: Shard ID None heartbeat blocked for more than 1200 seconds.
Loop thread traceback (most recent call last):
  File "C:\Users\user\Desktop\12345\main.py", line 179, in <module>
    asyncio.run(main())
  File "C:\Users\user\AppData\Local\Python\pythoncore-3.14-64\Lib\asyncio\runners.py", line 204, in run
    return runner.run(main)
  File "C:\Users\user\AppData\Local\Python\pythoncore-3.14-64\Lib\asyncio\runners.py", line 127, in run
    return self._loop.run_until_complete(task)
  File "C:\Users\user\AppData\Local\Python\pythoncore-3.14-64\Lib\asyncio\base_events.py", line 706, in run_until_complete
    self.run_forever()
  File "C:\Users\user\AppData\Local\Python\pythoncore-3.14-64\Lib\asyncio\base_events.py", line 677, in run_forever
    self._run_once()
  File "C:\Users\user\AppData\Local\Python\pythoncore-3.14-64\Lib\asyncio\base_events.py", line 2019, in _run_once
    event_list = self._selector.select(timeout)
  File "C:\Users\user\AppData\Local\Python\pythoncore-3.14-64\Lib\asyncio\windows_events.py", line 446, in select
    self._poll(timeout)
  File "C:\Users\user\AppData\Local\Python\pythoncore-3.14-64\Lib\asyncio\windows_events.py", line 775, in _poll
    status = _overlapped.GetQueuedCompletionStatus(self._iocp, ms)

2026-10-08 04:26:34,194 [WARNING] disnake.gateway: Can't keep up, shard ID None websocket is 1242.7s behind.
2026-10-08 04:26:43,783 [WARNING] disnake.gateway: Shard ID None heartbeat blocked for more than 1210 seconds.
Loop thread traceback (most recent call last):
  File "C:\Users\user\Desktop\12345\main.py", line 179, in <module>
    asyncio.run(main())
  File "C:\Users\user\AppData\Local\Python\pythoncore-3.14-64\Lib\asyncio\runners.py", line 204, in run
    return runner.run(main)
  File "C:\Users\user\AppData\Local\Python\pythoncore-3.14-64\Lib\asyncio\runners.py", line 127, in run
    return self._loop.run_until_complete(task)
  File "C:\Users\user\AppData\Local\Python\pythoncore-3.14-64\Lib\asyncio\base_events.py", line 706, in run_until_complete
    self.run_forever()
  File "C:\Users\user\AppData\Local\Python\pythoncore-3.14-64\Lib\asyncio\base_events.py", line 677, in run_forever
    self._run_once()
  File "C:\Users\user\AppData\Local\Python\pythoncore-3.14-64\Lib\asyncio\base_events.py", line 2019, in _run_once
    event_list = self._selector.select(timeout)
  File "C:\Users\user\AppData\Local\Python\pythoncore-3.14-64\Lib\asyncio\windows_events.py", line 446, in select
    self._poll(timeout)
  File "C:\Users\user\AppData\Local\Python\pythoncore-3.14-64\Lib\asyncio\windows_events.py", line 775, in _poll
    status = _overlapped.GetQueuedCompletionStatus(self._iocp, ms)

2026-10-08 04:26:53,796 [WARNING] disnake.gateway: Shard ID None heartbeat blocked for more than 1220 seconds.
Loop thread traceback (most recent call last):
  File "C:\Users\user\Desktop\12345\main.py", line 179, in <module>
    asyncio.run(main())
  File "C:\Users\user\AppData\Local\Python\pythoncore-3.14-64\Lib\asyncio\runners.py", line 204, in run
    return runner.run(main)
  File "C:\Users\user\AppData\Local\Python\pythoncore-3.14-64\Lib\asyncio\runners.py", line 127, in run
    return self._loop.run_until_complete(task)
  File "C:\Users\user\AppData\Local\Python\pythoncore-3.14-64\Lib\asyncio\base_events.py", line 706, in run_until_complete
    self.run_forever()
  File "C:\Users\user\AppData\Local\Python\pythoncore-3.14-64\Lib\asyncio\base_events.py", line 677, in run_forever
    self._run_once()
  File "C:\Users\user\AppData\Local\Python\pythoncore-3.14-64\Lib\asyncio\base_events.py", line 2019, in _run_once
    event_list = self._selector.select(timeout)
  File "C:\Users\user\AppData\Local\Python\pythoncore-3.14-64\Lib\asyncio\windows_events.py", line 446, in select
    self._poll(timeout)
  File "C:\Users\user\AppData\Local\Python\pythoncore-3.14-64\Lib\asyncio\windows_events.py", line 775, in _poll
    status = _overlapped.GetQueuedCompletionStatus(self._iocp, ms)

2026-10-08 04:27:03,810 [WARNING] disnake.gateway: Shard ID None heartbeat blocked for more than 1230 seconds.
Loop thread traceback (most recent call last):
  File "C:\Users\user\Desktop\12345\main.py", line 179, in <module>
    asyncio.run(main())
  File "C:\Users\user\AppData\Local\Python\pythoncore-3.14-64\Lib\asyncio\runners.py", line 204, in run
    return runner.run(main)
  File "C:\Users\user\AppData\Local\Python\pythoncore-3.14-64\Lib\asyncio\runners.py", line 127, in run
    return self._loop.run_until_complete(task)
  File "C:\Users\user\AppData\Local\Python\pythoncore-3.14-64\Lib\asyncio\base_events.py", line 706, in run_until_complete
    self.run_forever()
  File "C:\Users\user\AppData\Local\Python\pythoncore-3.14-64\Lib\asyncio\base_events.py", line 677, in run_forever
    self._run_once()
  File "C:\Users\user\AppData\Local\Python\pythoncore-3.14-64\Lib\asyncio\base_events.py", line 2019, in _run_once
    event_list = self._selector.select(timeout)
  File "C:\Users\user\AppData\Local\Python\pythoncore-3.14-64\Lib\asyncio\windows_events.py", line 446, in select
    self._poll(timeout)
  File "C:\Users\user\AppData\Local\Python\pythoncore-3.14-64\Lib\asyncio\windows_events.py", line 775, in _poll
    status = _overlapped.GetQueuedCompletionStatus(self._iocp, ms)

2026-10-08 04:27:13,819 [WARNING] disnake.gateway: Shard ID None heartbeat blocked for more than 1240 seconds.
Loop thread traceback (most recent call last):
  File "C:\Users\user\Desktop\12345\main.py", line 179, in <module>
    asyncio.run(main())
  File "C:\Users\user\AppData\Local\Python\pythoncore-3.14-64\Lib\asyncio\runners.py", line 204, in run
    return runner.run(main)
  File "C:\Users\user\AppData\Local\Python\pythoncore-3.14-64\Lib\asyncio\runners.py", line 127, in run
    return self._loop.run_until_complete(task)
  File "C:\Users\user\AppData\Local\Python\pythoncore-3.14-64\Lib\asyncio\base_events.py", line 706, in run_until_complete
    self.run_forever()
  File "C:\Users\user\AppData\Local\Python\pythoncore-3.14-64\Lib\asyncio\base_events.py", line 677, in run_forever
    self._run_once()
  File "C:\Users\user\AppData\Local\Python\pythoncore-3.14-64\Lib\asyncio\base_events.py", line 2019, in _run_once
    event_list = self._selector.select(timeout)
  File "C:\Users\user\AppData\Local\Python\pythoncore-3.14-64\Lib\asyncio\windows_events.py", line 446, in select
    self._poll(timeout)
  File "C:\Users\user\AppData\Local\Python\pythoncore-3.14-64\Lib\asyncio\windows_events.py", line 775, in _poll
    status = _overlapped.GetQueuedCompletionStatus(self._iocp, ms)

2026-10-08 04:27:23,829 [WARNING] disnake.gateway: Shard ID None heartbeat blocked for more than 1250 seconds.
Loop thread traceback (most recent call last):
  File "C:\Users\user\Desktop\12345\main.py", line 179, in <module>
    asyncio.run(main())
  File "C:\Users\user\AppData\Local\Python\pythoncore-3.14-64\Lib\asyncio\runners.py", line 204, in run
    return runner.run(main)
  File "C:\Users\user\AppData\Local\Python\pythoncore-3.14-64\Lib\asyncio\runners.py", line 127, in run
    return self._loop.run_until_complete(task)
  File "C:\Users\user\AppData\Local\Python\pythoncore-3.14-64\Lib\asyncio\base_events.py", line 706, in run_until_complete
    self.run_forever()
  File "C:\Users\user\AppData\Local\Python\pythoncore-3.14-64\Lib\asyncio\base_events.py", line 677, in run_forever
    self._run_once()
  File "C:\Users\user\AppData\Local\Python\pythoncore-3.14-64\Lib\asyncio\base_events.py", line 2019, in _run_once
    event_list = self._selector.select(timeout)
  File "C:\Users\user\AppData\Local\Python\pythoncore-3.14-64\Lib\asyncio\windows_events.py", line 446, in select
    self._poll(timeout)
  File "C:\Users\user\AppData\Local\Python\pythoncore-3.14-64\Lib\asyncio\windows_events.py", line 775, in _poll
    status = _overlapped.GetQueuedCompletionStatus(self._iocp, ms)

2026-10-08 04:27:23,940 [WARNING] disnake.gateway: Can't keep up, shard ID None websocket is 1292.5s behind.
2026-10-08 04:27:33,839 [WARNING] disnake.gateway: Shard ID None heartbeat blocked for more than 1260 seconds.
Loop thread traceback (most recent call last):
  File "C:\Users\user\Desktop\12345\main.py", line 179, in <module>
    asyncio.run(main())
  File "C:\Users\user\AppData\Local\Python\pythoncore-3.14-64\Lib\asyncio\runners.py", line 204, in run
    return runner.run(main)
  File "C:\Users\user\AppData\Local\Python\pythoncore-3.14-64\Lib\asyncio\runners.py", line 127, in run
    return self._loop.run_until_complete(task)
  File "C:\Users\user\AppData\Local\Python\pythoncore-3.14-64\Lib\asyncio\base_events.py", line 706, in run_until_complete
    self.run_forever()
  File "C:\Users\user\AppData\Local\Python\pythoncore-3.14-64\Lib\asyncio\base_events.py", line 677, in run_forever
    self._run_once()
  File "C:\Users\user\AppData\Local\Python\pythoncore-3.14-64\Lib\asyncio\base_events.py", line 2019, in _run_once
    event_list = self._selector.select(timeout)
  File "C:\Users\user\AppData\Local\Python\pythoncore-3.14-64\Lib\asyncio\windows_events.py", line 446, in select
    self._poll(timeout)
  File "C:\Users\user\AppData\Local\Python\pythoncore-3.14-64\Lib\asyncio\windows_events.py", line 775, in _poll
    status = _overlapped.GetQueuedCompletionStatus(self._iocp, ms)

2026-10-08 04:27:43,855 [WARNING] disnake.gateway: Shard ID None heartbeat blocked for more than 1270 seconds.
Loop thread traceback (most recent call last):
  File "C:\Users\user\Desktop\12345\main.py", line 179, in <module>
    asyncio.run(main())
  File "C:\Users\user\AppData\Local\Python\pythoncore-3.14-64\Lib\asyncio\runners.py", line 204, in run
    return runner.run(main)
  File "C:\Users\user\AppData\Local\Python\pythoncore-3.14-64\Lib\asyncio\runners.py", line 127, in run
    return self._loop.run_until_complete(task)
  File "C:\Users\user\AppData\Local\Python\pythoncore-3.14-64\Lib\asyncio\base_events.py", line 706, in run_until_complete
    self.run_forever()
  File "C:\Users\user\AppData\Local\Python\pythoncore-3.14-64\Lib\asyncio\base_events.py", line 677, in run_forever
    self._run_once()
  File "C:\Users\user\AppData\Local\Python\pythoncore-3.14-64\Lib\asyncio\base_events.py", line 2019, in _run_once
    event_list = self._selector.select(timeout)
  File "C:\Users\user\AppData\Local\Python\pythoncore-3.14-64\Lib\asyncio\windows_events.py", line 446, in select
    self._poll(timeout)
  File "C:\Users\user\AppData\Local\Python\pythoncore-3.14-64\Lib\asyncio\windows_events.py", line 775, in _poll
    status = _overlapped.GetQueuedCompletionStatus(self._iocp, ms)

2026-10-08 04:27:53,868 [WARNING] disnake.gateway: Shard ID None heartbeat blocked for more than 1280 seconds.
Loop thread traceback (most recent call last):
  File "C:\Users\user\Desktop\12345\main.py", line 179, in <module>
    asyncio.run(main())
  File "C:\Users\user\AppData\Local\Python\pythoncore-3.14-64\Lib\asyncio\runners.py", line 204, in run
    return runner.run(main)
  File "C:\Users\user\AppData\Local\Python\pythoncore-3.14-64\Lib\asyncio\runners.py", line 127, in run
    return self._loop.run_until_complete(task)
  File "C:\Users\user\AppData\Local\Python\pythoncore-3.14-64\Lib\asyncio\base_events.py", line 706, in run_until_complete
    self.run_forever()
  File "C:\Users\user\AppData\Local\Python\pythoncore-3.14-64\Lib\asyncio\base_events.py", line 677, in run_forever
    self._run_once()
  File "C:\Users\user\AppData\Local\Python\pythoncore-3.14-64\Lib\asyncio\base_events.py", line 2019, in _run_once
    event_list = self._selector.select(timeout)
  File "C:\Users\user\AppData\Local\Python\pythoncore-3.14-64\Lib\asyncio\windows_events.py", line 446, in select
    self._poll(timeout)
  File "C:\Users\user\AppData\Local\Python\pythoncore-3.14-64\Lib\asyncio\windows_events.py", line 775, in _poll
    status = _overlapped.GetQueuedCompletionStatus(self._iocp, ms)

2026-10-08 04:28:03,869 [WARNING] disnake.gateway: Shard ID None heartbeat blocked for more than 1290 seconds.
Loop thread traceback (most recent call last):
  File "C:\Users\user\Desktop\12345\main.py", line 179, in <module>
    asyncio.run(main())
  File "C:\Users\user\AppData\Local\Python\pythoncore-3.14-64\Lib\asyncio\runners.py", line 204, in run
    return runner.run(main)
  File "C:\Users\user\AppData\Local\Python\pythoncore-3.14-64\Lib\asyncio\runners.py", line 127, in run
    return self._loop.run_until_complete(task)
  File "C:\Users\user\AppData\Local\Python\pythoncore-3.14-64\Lib\asyncio\base_events.py", line 706, in run_until_complete
    self.run_forever()
  File "C:\Users\user\AppData\Local\Python\pythoncore-3.14-64\Lib\asyncio\base_events.py", line 677, in run_forever
    self._run_once()
  File "C:\Users\user\AppData\Local\Python\pythoncore-3.14-64\Lib\asyncio\base_events.py", line 2019, in _run_once
    event_list = self._selector.select(timeout)
  File "C:\Users\user\AppData\Local\Python\pythoncore-3.14-64\Lib\asyncio\windows_events.py", line 446, in select
    self._poll(timeout)
  File "C:\Users\user\AppData\Local\Python\pythoncore-3.14-64\Lib\asyncio\windows_events.py", line 775, in _poll
    status = _overlapped.GetQueuedCompletionStatus(self._iocp, ms)

2026-10-08 04:28:13,626 [WARNING] disnake.gateway: Can't keep up, shard ID None websocket is 1342.2s behind.
2026-10-08 04:28:13,871 [WARNING] disnake.gateway: Shard ID None heartbeat blocked for more than 1300 seconds.
Loop thread traceback (most recent call last):
  File "C:\Users\user\Desktop\12345\main.py", line 179, in <module>
    asyncio.run(main())
  File "C:\Users\user\AppData\Local\Python\pythoncore-3.14-64\Lib\asyncio\runners.py", line 204, in run
    return runner.run(main)
  File "C:\Users\user\AppData\Local\Python\pythoncore-3.14-64\Lib\asyncio\runners.py", line 127, in run
    return self._loop.run_until_complete(task)
  File "C:\Users\user\AppData\Local\Python\pythoncore-3.14-64\Lib\asyncio\base_events.py", line 706, in run_until_complete
    self.run_forever()
  File "C:\Users\user\AppData\Local\Python\pythoncore-3.14-64\Lib\asyncio\base_events.py", line 677, in run_forever
    self._run_once()
  File "C:\Users\user\AppData\Local\Python\pythoncore-3.14-64\Lib\asyncio\base_events.py", line 2019, in _run_once
    event_list = self._selector.select(timeout)
  File "C:\Users\user\AppData\Local\Python\pythoncore-3.14-64\Lib\asyncio\windows_events.py", line 446, in select
    self._poll(timeout)
  File "C:\Users\user\AppData\Local\Python\pythoncore-3.14-64\Lib\asyncio\windows_events.py", line 775, in _poll
    status = _overlapped.GetQueuedCompletionStatus(self._iocp, ms)

2026-10-08 04:28:23,879 [WARNING] disnake.gateway: Shard ID None heartbeat blocked for more than 1310 seconds.
Loop thread traceback (most recent call last):
  File "C:\Users\user\Desktop\12345\main.py", line 179, in <module>
    asyncio.run(main())
  File "C:\Users\user\AppData\Local\Python\pythoncore-3.14-64\Lib\asyncio\runners.py", line 204, in run
    return runner.run(main)
  File "C:\Users\user\AppData\Local\Python\pythoncore-3.14-64\Lib\asyncio\runners.py", line 127, in run
    return self._loop.run_until_complete(task)
  File "C:\Users\user\AppData\Local\Python\pythoncore-3.14-64\Lib\asyncio\base_events.py", line 706, in run_until_complete
    self.run_forever()
  File "C:\Users\user\AppData\Local\Python\pythoncore-3.14-64\Lib\asyncio\base_events.py", line 677, in run_forever
    self._run_once()
  File "C:\Users\user\AppData\Local\Python\pythoncore-3.14-64\Lib\asyncio\base_events.py", line 2019, in _run_once
    event_list = self._selector.select(timeout)
  File "C:\Users\user\AppData\Local\Python\pythoncore-3.14-64\Lib\asyncio\windows_events.py", line 446, in select
    self._poll(timeout)
  File "C:\Users\user\AppData\Local\Python\pythoncore-3.14-64\Lib\asyncio\windows_events.py", line 775, in _poll
    status = _overlapped.GetQueuedCompletionStatus(self._iocp, ms)

2026-10-08 04:28:33,887 [WARNING] disnake.gateway: Shard ID None heartbeat blocked for more than 1320 seconds.
Loop thread traceback (most recent call last):
  File "C:\Users\user\Desktop\12345\main.py", line 179, in <module>
    asyncio.run(main())
  File "C:\Users\user\AppData\Local\Python\pythoncore-3.14-64\Lib\asyncio\runners.py", line 204, in run
    return runner.run(main)
  File "C:\Users\user\AppData\Local\Python\pythoncore-3.14-64\Lib\asyncio\runners.py", line 127, in run
    return self._loop.run_until_complete(task)
  File "C:\Users\user\AppData\Local\Python\pythoncore-3.14-64\Lib\asyncio\base_events.py", line 706, in run_until_complete
    self.run_forever()
  File "C:\Users\user\AppData\Local\Python\pythoncore-3.14-64\Lib\asyncio\base_events.py", line 677, in run_forever
    self._run_once()
  File "C:\Users\user\AppData\Local\Python\pythoncore-3.14-64\Lib\asyncio\base_events.py", line 2019, in _run_once
    event_list = self._selector.select(timeout)
  File "C:\Users\user\AppData\Local\Python\pythoncore-3.14-64\Lib\asyncio\windows_events.py", line 446, in select
    self._poll(timeout)
  File "C:\Users\user\AppData\Local\Python\pythoncore-3.14-64\Lib\asyncio\windows_events.py", line 775, in _poll
    status = _overlapped.GetQueuedCompletionStatus(self._iocp, ms)

2026-10-08 04:28:43,889 [WARNING] disnake.gateway: Shard ID None heartbeat blocked for more than 1330 seconds.
Loop thread traceback (most recent call last):
  File "C:\Users\user\Desktop\12345\main.py", line 179, in <module>
    asyncio.run(main())
  File "C:\Users\user\AppData\Local\Python\pythoncore-3.14-64\Lib\asyncio\runners.py", line 204, in run
    return runner.run(main)
  File "C:\Users\user\AppData\Local\Python\pythoncore-3.14-64\Lib\asyncio\runners.py", line 127, in run
    return self._loop.run_until_complete(task)
  File "C:\Users\user\AppData\Local\Python\pythoncore-3.14-64\Lib\asyncio\base_events.py", line 706, in run_until_complete
    self.run_forever()
  File "C:\Users\user\AppData\Local\Python\pythoncore-3.14-64\Lib\asyncio\base_events.py", line 677, in run_forever
    self._run_once()
  File "C:\Users\user\AppData\Local\Python\pythoncore-3.14-64\Lib\asyncio\base_events.py", line 2019, in _run_once
    event_list = self._selector.select(timeout)
  File "C:\Users\user\AppData\Local\Python\pythoncore-3.14-64\Lib\asyncio\windows_events.py", line 446, in select
    self._poll(timeout)
  File "C:\Users\user\AppData\Local\Python\pythoncore-3.14-64\Lib\asyncio\windows_events.py", line 775, in _poll
    status = _overlapped.GetQueuedCompletionStatus(self._iocp, ms)

2026-10-08 04:28:53,903 [WARNING] disnake.gateway: Shard ID None heartbeat blocked for more than 1340 seconds.
Loop thread traceback (most recent call last):
  File "C:\Users\user\Desktop\12345\main.py", line 179, in <module>
    asyncio.run(main())
  File "C:\Users\user\AppData\Local\Python\pythoncore-3.14-64\Lib\asyncio\runners.py", line 204, in run
    return runner.run(main)
  File "C:\Users\user\AppData\Local\Python\pythoncore-3.14-64\Lib\asyncio\runners.py", line 127, in run
    return self._loop.run_until_complete(task)
  File "C:\Users\user\AppData\Local\Python\pythoncore-3.14-64\Lib\asyncio\base_events.py", line 706, in run_until_complete
    self.run_forever()
  File "C:\Users\user\AppData\Local\Python\pythoncore-3.14-64\Lib\asyncio\base_events.py", line 677, in run_forever
    self._run_once()
  File "C:\Users\user\AppData\Local\Python\pythoncore-3.14-64\Lib\asyncio\base_events.py", line 2019, in _run_once
    event_list = self._selector.select(timeout)
  File "C:\Users\user\AppData\Local\Python\pythoncore-3.14-64\Lib\asyncio\windows_events.py", line 446, in select
    self._poll(timeout)
  File "C:\Users\user\AppData\Local\Python\pythoncore-3.14-64\Lib\asyncio\windows_events.py", line 775, in _poll
    status = _overlapped.GetQueuedCompletionStatus(self._iocp, ms)

2026-10-08 04:29:03,316 [WARNING] disnake.gateway: Can't keep up, shard ID None websocket is 1391.8s behind.
2026-10-08 04:29:03,917 [WARNING] disnake.gateway: Shard ID None heartbeat blocked for more than 1350 seconds.
Loop thread traceback (most recent call last):
  File "C:\Users\user\Desktop\12345\main.py", line 179, in <module>
    asyncio.run(main())
  File "C:\Users\user\AppData\Local\Python\pythoncore-3.14-64\Lib\asyncio\runners.py", line 204, in run
    return runner.run(main)
  File "C:\Users\user\AppData\Local\Python\pythoncore-3.14-64\Lib\asyncio\runners.py", line 127, in run
    return self._loop.run_until_complete(task)
  File "C:\Users\user\AppData\Local\Python\pythoncore-3.14-64\Lib\asyncio\base_events.py", line 706, in run_until_complete
    self.run_forever()
  File "C:\Users\user\AppData\Local\Python\pythoncore-3.14-64\Lib\asyncio\base_events.py", line 677, in run_forever
    self._run_once()
  File "C:\Users\user\AppData\Local\Python\pythoncore-3.14-64\Lib\asyncio\base_events.py", line 2019, in _run_once
    event_list = self._selector.select(timeout)
  File "C:\Users\user\AppData\Local\Python\pythoncore-3.14-64\Lib\asyncio\windows_events.py", line 446, in select
    self._poll(timeout)
  File "C:\Users\user\AppData\Local\Python\pythoncore-3.14-64\Lib\asyncio\windows_events.py", line 775, in _poll
    status = _overlapped.GetQueuedCompletionStatus(self._iocp, ms)

2026-10-08 04:29:13,919 [WARNING] disnake.gateway: Shard ID None heartbeat blocked for more than 1360 seconds.
Loop thread traceback (most recent call last):
  File "C:\Users\user\Desktop\12345\main.py", line 179, in <module>
    asyncio.run(main())
  File "C:\Users\user\AppData\Local\Python\pythoncore-3.14-64\Lib\asyncio\runners.py", line 204, in run
    return runner.run(main)
  File "C:\Users\user\AppData\Local\Python\pythoncore-3.14-64\Lib\asyncio\runners.py", line 127, in run
    return self._loop.run_until_complete(task)
  File "C:\Users\user\AppData\Local\Python\pythoncore-3.14-64\Lib\asyncio\base_events.py", line 706, in run_until_complete
    self.run_forever()
  File "C:\Users\user\AppData\Local\Python\pythoncore-3.14-64\Lib\asyncio\base_events.py", line 677, in run_forever
    self._run_once()
  File "C:\Users\user\AppData\Local\Python\pythoncore-3.14-64\Lib\asyncio\base_events.py", line 2019, in _run_once
    event_list = self._selector.select(timeout)
  File "C:\Users\user\AppData\Local\Python\pythoncore-3.14-64\Lib\asyncio\windows_events.py", line 446, in select
    self._poll(timeout)
  File "C:\Users\user\AppData\Local\Python\pythoncore-3.14-64\Lib\asyncio\windows_events.py", line 775, in _poll
    status = _overlapped.GetQueuedCompletionStatus(self._iocp, ms)

2026-10-08 04:29:23,921 [WARNING] disnake.gateway: Shard ID None heartbeat blocked for more than 1370 seconds.
Loop thread traceback (most recent call last):
  File "C:\Users\user\Desktop\12345\main.py", line 179, in <module>
    asyncio.run(main())
  File "C:\Users\user\AppData\Local\Python\pythoncore-3.14-64\Lib\asyncio\runners.py", line 204, in run
    return runner.run(main)
  File "C:\Users\user\AppData\Local\Python\pythoncore-3.14-64\Lib\asyncio\runners.py", line 127, in run
    return self._loop.run_until_complete(task)
  File "C:\Users\user\AppData\Local\Python\pythoncore-3.14-64\Lib\asyncio\base_events.py", line 706, in run_until_complete
    self.run_forever()
  File "C:\Users\user\AppData\Local\Python\pythoncore-3.14-64\Lib\asyncio\base_events.py", line 677, in run_forever
    self._run_once()
  File "C:\Users\user\AppData\Local\Python\pythoncore-3.14-64\Lib\asyncio\base_events.py", line 2019, in _run_once
    event_list = self._selector.select(timeout)
  File "C:\Users\user\AppData\Local\Python\pythoncore-3.14-64\Lib\asyncio\windows_events.py", line 446, in select
    self._poll(timeout)
  File "C:\Users\user\AppData\Local\Python\pythoncore-3.14-64\Lib\asyncio\windows_events.py", line 775, in _poll
    status = _overlapped.GetQueuedCompletionStatus(self._iocp, ms)

2026-10-08 04:29:33,927 [WARNING] disnake.gateway: Shard ID None heartbeat blocked for more than 1380 seconds.
Loop thread traceback (most recent call last):
  File "C:\Users\user\Desktop\12345\main.py", line 179, in <module>
    asyncio.run(main())
  File "C:\Users\user\AppData\Local\Python\pythoncore-3.14-64\Lib\asyncio\runners.py", line 204, in run
    return runner.run(main)
  File "C:\Users\user\AppData\Local\Python\pythoncore-3.14-64\Lib\asyncio\runners.py", line 127, in run
    return self._loop.run_until_complete(task)
  File "C:\Users\user\AppData\Local\Python\pythoncore-3.14-64\Lib\asyncio\base_events.py", line 706, in run_until_complete
    self.run_forever()
  File "C:\Users\user\AppData\Local\Python\pythoncore-3.14-64\Lib\asyncio\base_events.py", line 677, in run_forever
    self._run_once()
  File "C:\Users\user\AppData\Local\Python\pythoncore-3.14-64\Lib\asyncio\base_events.py", line 2019, in _run_once
    event_list = self._selector.select(timeout)
  File "C:\Users\user\AppData\Local\Python\pythoncore-3.14-64\Lib\asyncio\windows_events.py", line 446, in select
    self._poll(timeout)
  File "C:\Users\user\AppData\Local\Python\pythoncore-3.14-64\Lib\asyncio\windows_events.py", line 775, in _poll
    status = _overlapped.GetQueuedCompletionStatus(self._iocp, ms)

2026-10-08 04:29:43,939 [WARNING] disnake.gateway: Shard ID None heartbeat blocked for more than 1390 seconds.
Loop thread traceback (most recent call last):
  File "C:\Users\user\Desktop\12345\main.py", line 179, in <module>
    asyncio.run(main())
  File "C:\Users\user\AppData\Local\Python\pythoncore-3.14-64\Lib\asyncio\runners.py", line 204, in run
    return runner.run(main)
  File "C:\Users\user\AppData\Local\Python\pythoncore-3.14-64\Lib\asyncio\runners.py", line 127, in run
    return self._loop.run_until_complete(task)
  File "C:\Users\user\AppData\Local\Python\pythoncore-3.14-64\Lib\asyncio\base_events.py", line 706, in run_until_complete
    self.run_forever()
  File "C:\Users\user\AppData\Local\Python\pythoncore-3.14-64\Lib\asyncio\base_events.py", line 677, in run_forever
    self._run_once()
  File "C:\Users\user\AppData\Local\Python\pythoncore-3.14-64\Lib\asyncio\base_events.py", line 2019, in _run_once
    event_list = self._selector.select(timeout)
  File "C:\Users\user\AppData\Local\Python\pythoncore-3.14-64\Lib\asyncio\windows_events.py", line 446, in select
    self._poll(timeout)
  File "C:\Users\user\AppData\Local\Python\pythoncore-3.14-64\Lib\asyncio\windows_events.py", line 775, in _poll
    status = _overlapped.GetQueuedCompletionStatus(self._iocp, ms)

2026-10-08 04:29:53,171 [WARNING] disnake.gateway: Can't keep up, shard ID None websocket is 1441.7s behind.
2026-10-08 04:29:53,942 [WARNING] disnake.gateway: Shard ID None heartbeat blocked for more than 1400 seconds.
Loop thread traceback (most recent call last):
  File "C:\Users\user\Desktop\12345\main.py", line 179, in <module>
    asyncio.run(main())
  File "C:\Users\user\AppData\Local\Python\pythoncore-3.14-64\Lib\asyncio\runners.py", line 204, in run
    return runner.run(main)
  File "C:\Users\user\AppData\Local\Python\pythoncore-3.14-64\Lib\asyncio\runners.py", line 127, in run
    return self._loop.run_until_complete(task)
  File "C:\Users\user\AppData\Local\Python\pythoncore-3.14-64\Lib\asyncio\base_events.py", line 706, in run_until_complete
    self.run_forever()
  File "C:\Users\user\AppData\Local\Python\pythoncore-3.14-64\Lib\asyncio\base_events.py", line 677, in run_forever
    self._run_once()
  File "C:\Users\user\AppData\Local\Python\pythoncore-3.14-64\Lib\asyncio\base_events.py", line 2057, in _run_once
    handle._run()
  File "C:\Users\user\AppData\Local\Python\pythoncore-3.14-64\Lib\asyncio\events.py", line 94, in _run
    self._context.run(self._callback, *self._args)
  File "C:\Users\user\Desktop\12345\.venv\Lib\site-packages\disnake\ext\tasks\__init__.py", line 156, in _loop
    await self.coro(*args, **kwargs)
  File "C:\Users\user\Desktop\12345\cogs\hall_tools.py", line 1098, in roster_loop
    await self.update_roster(guild)
  File "C:\Users\user\Desktop\12345\cogs\hall_tools.py", line 1065, in update_roster
    s = get_settings()
  File "C:\Users\user\Desktop\12345\cogs\hall_tools.py", line 135, in get_settings
    with open(SETTINGS_PATH, encoding="utf-8") as f:

2026-10-08 04:30:03,957 [WARNING] disnake.gateway: Shard ID None heartbeat blocked for more than 1410 seconds.
Loop thread traceback (most recent call last):
  File "C:\Users\user\Desktop\12345\main.py", line 179, in <module>
    asyncio.run(main())
  File "C:\Users\user\AppData\Local\Python\pythoncore-3.14-64\Lib\asyncio\runners.py", line 204, in run
    return runner.run(main)
  File "C:\Users\user\AppData\Local\Python\pythoncore-3.14-64\Lib\asyncio\runners.py", line 127, in run
    return self._loop.run_until_complete(task)
  File "C:\Users\user\AppData\Local\Python\pythoncore-3.14-64\Lib\asyncio\base_events.py", line 706, in run_until_complete
    self.run_forever()
  File "C:\Users\user\AppData\Local\Python\pythoncore-3.14-64\Lib\asyncio\base_events.py", line 677, in run_forever
    self._run_once()
  File "C:\Users\user\AppData\Local\Python\pythoncore-3.14-64\Lib\asyncio\base_events.py", line 2019, in _run_once
    event_list = self._selector.select(timeout)
  File "C:\Users\user\AppData\Local\Python\pythoncore-3.14-64\Lib\asyncio\windows_events.py", line 446, in select
    self._poll(timeout)
  File "C:\Users\user\AppData\Local\Python\pythoncore-3.14-64\Lib\asyncio\windows_events.py", line 775, in _poll
    status = _overlapped.GetQueuedCompletionStatus(self._iocp, ms)

2026-10-08 04:30:13,971 [WARNING] disnake.gateway: Shard ID None heartbeat blocked for more than 1420 seconds.
Loop thread traceback (most recent call last):
  File "C:\Users\user\Desktop\12345\main.py", line 179, in <module>
    asyncio.run(main())
  File "C:\Users\user\AppData\Local\Python\pythoncore-3.14-64\Lib\asyncio\runners.py", line 204, in run
    return runner.run(main)
  File "C:\Users\user\AppData\Local\Python\pythoncore-3.14-64\Lib\asyncio\runners.py", line 127, in run
    return self._loop.run_until_complete(task)
  File "C:\Users\user\AppData\Local\Python\pythoncore-3.14-64\Lib\asyncio\base_events.py", line 706, in run_until_complete
    self.run_forever()
  File "C:\Users\user\AppData\Local\Python\pythoncore-3.14-64\Lib\asyncio\base_events.py", line 677, in run_forever
    self._run_once()
  File "C:\Users\user\AppData\Local\Python\pythoncore-3.14-64\Lib\asyncio\base_events.py", line 2019, in _run_once
    event_list = self._selector.select(timeout)
  File "C:\Users\user\AppData\Local\Python\pythoncore-3.14-64\Lib\asyncio\windows_events.py", line 446, in select
    self._poll(timeout)
  File "C:\Users\user\AppData\Local\Python\pythoncore-3.14-64\Lib\asyncio\windows_events.py", line 775, in _poll
    status = _overlapped.GetQueuedCompletionStatus(self._iocp, ms)

2026-10-08 04:30:23,975 [WARNING] disnake.gateway: Shard ID None heartbeat blocked for more than 1430 seconds.
Loop thread traceback (most recent call last):
  File "C:\Users\user\Desktop\12345\main.py", line 179, in <module>
    asyncio.run(main())
  File "C:\Users\user\AppData\Local\Python\pythoncore-3.14-64\Lib\asyncio\runners.py", line 204, in run
    return runner.run(main)
  File "C:\Users\user\AppData\Local\Python\pythoncore-3.14-64\Lib\asyncio\runners.py", line 127, in run
    return self._loop.run_until_complete(task)
  File "C:\Users\user\AppData\Local\Python\pythoncore-3.14-64\Lib\asyncio\base_events.py", line 706, in run_until_complete
    self.run_forever()
  File "C:\Users\user\AppData\Local\Python\pythoncore-3.14-64\Lib\asyncio\base_events.py", line 677, in run_forever
    self._run_once()
  File "C:\Users\user\AppData\Local\Python\pythoncore-3.14-64\Lib\asyncio\base_events.py", line 2019, in _run_once
    event_list = self._selector.select(timeout)
  File "C:\Users\user\AppData\Local\Python\pythoncore-3.14-64\Lib\asyncio\windows_events.py", line 446, in select
    self._poll(timeout)
  File "C:\Users\user\AppData\Local\Python\pythoncore-3.14-64\Lib\asyncio\windows_events.py", line 775, in _poll
    status = _overlapped.GetQueuedCompletionStatus(self._iocp, ms)

2026-10-08 04:30:33,983 [WARNING] disnake.gateway: Shard ID None heartbeat blocked for more than 1440 seconds.
Loop thread traceback (most recent call last):
  File "C:\Users\user\Desktop\12345\main.py", line 179, in <module>
    asyncio.run(main())
  File "C:\Users\user\AppData\Local\Python\pythoncore-3.14-64\Lib\asyncio\runners.py", line 204, in run
    return runner.run(main)
  File "C:\Users\user\AppData\Local\Python\pythoncore-3.14-64\Lib\asyncio\runners.py", line 127, in run
    return self._loop.run_until_complete(task)
  File "C:\Users\user\AppData\Local\Python\pythoncore-3.14-64\Lib\asyncio\base_events.py", line 706, in run_until_complete
    self.run_forever()
  File "C:\Users\user\AppData\Local\Python\pythoncore-3.14-64\Lib\asyncio\base_events.py", line 677, in run_forever
    self._run_once()
  File "C:\Users\user\AppData\Local\Python\pythoncore-3.14-64\Lib\asyncio\base_events.py", line 2019, in _run_once
    event_list = self._selector.select(timeout)
  File "C:\Users\user\AppData\Local\Python\pythoncore-3.14-64\Lib\asyncio\windows_events.py", line 446, in select
    self._poll(timeout)
  File "C:\Users\user\AppData\Local\Python\pythoncore-3.14-64\Lib\asyncio\windows_events.py", line 775, in _poll
    status = _overlapped.GetQueuedCompletionStatus(self._iocp, ms)

2026-10-08 04:30:42,886 [WARNING] disnake.gateway: Can't keep up, shard ID None websocket is 1491.4s behind.
2026-10-08 04:30:43,997 [WARNING] disnake.gateway: Shard ID None heartbeat blocked for more than 1450 seconds.
Loop thread traceback (most recent call last):
  File "C:\Users\user\Desktop\12345\main.py", line 179, in <module>
    asyncio.run(main())
  File "C:\Users\user\AppData\Local\Python\pythoncore-3.14-64\Lib\asyncio\runners.py", line 204, in run
    return runner.run(main)
  File "C:\Users\user\AppData\Local\Python\pythoncore-3.14-64\Lib\asyncio\runners.py", line 127, in run
    return self._loop.run_until_complete(task)
  File "C:\Users\user\AppData\Local\Python\pythoncore-3.14-64\Lib\asyncio\base_events.py", line 706, in run_until_complete
    self.run_forever()
  File "C:\Users\user\AppData\Local\Python\pythoncore-3.14-64\Lib\asyncio\base_events.py", line 677, in run_forever
    self._run_once()
  File "C:\Users\user\AppData\Local\Python\pythoncore-3.14-64\Lib\asyncio\base_events.py", line 2019, in _run_once
    event_list = self._selector.select(timeout)
  File "C:\Users\user\AppData\Local\Python\pythoncore-3.14-64\Lib\asyncio\windows_events.py", line 446, in select
    self._poll(timeout)
  File "C:\Users\user\AppData\Local\Python\pythoncore-3.14-64\Lib\asyncio\windows_events.py", line 775, in _poll
    status = _overlapped.GetQueuedCompletionStatus(self._iocp, ms)

2026-10-08 04:30:54,011 [WARNING] disnake.gateway: Shard ID None heartbeat blocked for more than 1460 seconds.
Loop thread traceback (most recent call last):
  File "C:\Users\user\Desktop\12345\main.py", line 179, in <module>
    asyncio.run(main())
  File "C:\Users\user\AppData\Local\Python\pythoncore-3.14-64\Lib\asyncio\runners.py", line 204, in run
    return runner.run(main)
  File "C:\Users\user\AppData\Local\Python\pythoncore-3.14-64\Lib\asyncio\runners.py", line 127, in run
    return self._loop.run_until_complete(task)
  File "C:\Users\user\AppData\Local\Python\pythoncore-3.14-64\Lib\asyncio\base_events.py", line 706, in run_until_complete
    self.run_forever()
  File "C:\Users\user\AppData\Local\Python\pythoncore-3.14-64\Lib\asyncio\base_events.py", line 677, in run_forever
    self._run_once()
  File "C:\Users\user\AppData\Local\Python\pythoncore-3.14-64\Lib\asyncio\base_events.py", line 2019, in _run_once
    event_list = self._selector.select(timeout)
  File "C:\Users\user\AppData\Local\Python\pythoncore-3.14-64\Lib\asyncio\windows_events.py", line 446, in select
    self._poll(timeout)
  File "C:\Users\user\AppData\Local\Python\pythoncore-3.14-64\Lib\asyncio\windows_events.py", line 775, in _poll
    status = _overlapped.GetQueuedCompletionStatus(self._iocp, ms)

2026-10-08 04:31:04,016 [WARNING] disnake.gateway: Shard ID None heartbeat blocked for more than 1470 seconds.
Loop thread traceback (most recent call last):
  File "C:\Users\user\Desktop\12345\main.py", line 179, in <module>
    asyncio.run(main())
  File "C:\Users\user\AppData\Local\Python\pythoncore-3.14-64\Lib\asyncio\runners.py", line 204, in run
    return runner.run(main)
  File "C:\Users\user\AppData\Local\Python\pythoncore-3.14-64\Lib\asyncio\runners.py", line 127, in run
    return self._loop.run_until_complete(task)
  File "C:\Users\user\AppData\Local\Python\pythoncore-3.14-64\Lib\asyncio\base_events.py", line 706, in run_until_complete
    self.run_forever()
  File "C:\Users\user\AppData\Local\Python\pythoncore-3.14-64\Lib\asyncio\base_events.py", line 677, in run_forever
    self._run_once()
  File "C:\Users\user\AppData\Local\Python\pythoncore-3.14-64\Lib\asyncio\base_events.py", line 2019, in _run_once
    event_list = self._selector.select(timeout)
  File "C:\Users\user\AppData\Local\Python\pythoncore-3.14-64\Lib\asyncio\windows_events.py", line 446, in select
    self._poll(timeout)
  File "C:\Users\user\AppData\Local\Python\pythoncore-3.14-64\Lib\asyncio\windows_events.py", line 775, in _poll
    status = _overlapped.GetQueuedCompletionStatus(self._iocp, ms)

2026-10-08 04:31:14,019 [WARNING] disnake.gateway: Shard ID None heartbeat blocked for more than 1480 seconds.
Loop thread traceback (most recent call last):
  File "C:\Users\user\Desktop\12345\main.py", line 179, in <module>
    asyncio.run(main())
  File "C:\Users\user\AppData\Local\Python\pythoncore-3.14-64\Lib\asyncio\runners.py", line 204, in run
    return runner.run(main)
  File "C:\Users\user\AppData\Local\Python\pythoncore-3.14-64\Lib\asyncio\runners.py", line 127, in run
    return self._loop.run_until_complete(task)
  File "C:\Users\user\AppData\Local\Python\pythoncore-3.14-64\Lib\asyncio\base_events.py", line 706, in run_until_complete
    self.run_forever()
  File "C:\Users\user\AppData\Local\Python\pythoncore-3.14-64\Lib\asyncio\base_events.py", line 677, in run_forever
    self._run_once()
  File "C:\Users\user\AppData\Local\Python\pythoncore-3.14-64\Lib\asyncio\base_events.py", line 2019, in _run_once
    event_list = self._selector.select(timeout)
  File "C:\Users\user\AppData\Local\Python\pythoncore-3.14-64\Lib\asyncio\windows_events.py", line 446, in select
    self._poll(timeout)
  File "C:\Users\user\AppData\Local\Python\pythoncore-3.14-64\Lib\asyncio\windows_events.py", line 775, in _poll
    status = _overlapped.GetQueuedCompletionStatus(self._iocp, ms)

2026-10-08 04:31:24,035 [WARNING] disnake.gateway: Shard ID None heartbeat blocked for more than 1490 seconds.
Loop thread traceback (most recent call last):
  File "C:\Users\user\Desktop\12345\main.py", line 179, in <module>
    asyncio.run(main())
  File "C:\Users\user\AppData\Local\Python\pythoncore-3.14-64\Lib\asyncio\runners.py", line 204, in run
    return runner.run(main)
  File "C:\Users\user\AppData\Local\Python\pythoncore-3.14-64\Lib\asyncio\runners.py", line 127, in run
    return self._loop.run_until_complete(task)
  File "C:\Users\user\AppData\Local\Python\pythoncore-3.14-64\Lib\asyncio\base_events.py", line 706, in run_until_complete
    self.run_forever()
  File "C:\Users\user\AppData\Local\Python\pythoncore-3.14-64\Lib\asyncio\base_events.py", line 677, in run_forever
    self._run_once()
  File "C:\Users\user\AppData\Local\Python\pythoncore-3.14-64\Lib\asyncio\base_events.py", line 2019, in _run_once
    event_list = self._selector.select(timeout)
  File "C:\Users\user\AppData\Local\Python\pythoncore-3.14-64\Lib\asyncio\windows_events.py", line 446, in select
    self._poll(timeout)
  File "C:\Users\user\AppData\Local\Python\pythoncore-3.14-64\Lib\asyncio\windows_events.py", line 775, in _poll
    status = _overlapped.GetQueuedCompletionStatus(self._iocp, ms)

2026-10-08 04:31:32,725 [WARNING] disnake.gateway: Can't keep up, shard ID None websocket is 1541.3s behind.
2026-10-08 04:31:34,042 [WARNING] disnake.gateway: Shard ID None heartbeat blocked for more than 1500 seconds.
Loop thread traceback (most recent call last):
  File "C:\Users\user\Desktop\12345\main.py", line 179, in <module>
    asyncio.run(main())
  File "C:\Users\user\AppData\Local\Python\pythoncore-3.14-64\Lib\asyncio\runners.py", line 204, in run
    return runner.run(main)
  File "C:\Users\user\AppData\Local\Python\pythoncore-3.14-64\Lib\asyncio\runners.py", line 127, in run
    return self._loop.run_until_complete(task)
  File "C:\Users\user\AppData\Local\Python\pythoncore-3.14-64\Lib\asyncio\base_events.py", line 706, in run_until_complete
    self.run_forever()
  File "C:\Users\user\AppData\Local\Python\pythoncore-3.14-64\Lib\asyncio\base_events.py", line 677, in run_forever
    self._run_once()
  File "C:\Users\user\AppData\Local\Python\pythoncore-3.14-64\Lib\asyncio\base_events.py", line 2019, in _run_once
    event_list = self._selector.select(timeout)
  File "C:\Users\user\AppData\Local\Python\pythoncore-3.14-64\Lib\asyncio\windows_events.py", line 446, in select
    self._poll(timeout)
  File "C:\Users\user\AppData\Local\Python\pythoncore-3.14-64\Lib\asyncio\windows_events.py", line 775, in _poll
    status = _overlapped.GetQueuedCompletionStatus(self._iocp, ms)

2026-10-08 04:31:44,053 [WARNING] disnake.gateway: Shard ID None heartbeat blocked for more than 1510 seconds.
Loop thread traceback (most recent call last):
  File "C:\Users\user\Desktop\12345\main.py", line 179, in <module>
    asyncio.run(main())
  File "C:\Users\user\AppData\Local\Python\pythoncore-3.14-64\Lib\asyncio\runners.py", line 204, in run
    return runner.run(main)
  File "C:\Users\user\AppData\Local\Python\pythoncore-3.14-64\Lib\asyncio\runners.py", line 127, in run
    return self._loop.run_until_complete(task)
  File "C:\Users\user\AppData\Local\Python\pythoncore-3.14-64\Lib\asyncio\base_events.py", line 706, in run_until_complete
    self.run_forever()
  File "C:\Users\user\AppData\Local\Python\pythoncore-3.14-64\Lib\asyncio\base_events.py", line 677, in run_forever
    self._run_once()
  File "C:\Users\user\AppData\Local\Python\pythoncore-3.14-64\Lib\asyncio\base_events.py", line 2019, in _run_once
    event_list = self._selector.select(timeout)
  File "C:\Users\user\AppData\Local\Python\pythoncore-3.14-64\Lib\asyncio\windows_events.py", line 446, in select
    self._poll(timeout)
  File "C:\Users\user\AppData\Local\Python\pythoncore-3.14-64\Lib\asyncio\windows_events.py", line 775, in _poll
    status = _overlapped.GetQueuedCompletionStatus(self._iocp, ms)

2026-10-08 04:31:54,065 [WARNING] disnake.gateway: Shard ID None heartbeat blocked for more than 1520 seconds.
Loop thread traceback (most recent call last):
  File "C:\Users\user\Desktop\12345\main.py", line 179, in <module>
    asyncio.run(main())
  File "C:\Users\user\AppData\Local\Python\pythoncore-3.14-64\Lib\asyncio\runners.py", line 204, in run
    return runner.run(main)
  File "C:\Users\user\AppData\Local\Python\pythoncore-3.14-64\Lib\asyncio\runners.py", line 127, in run
    return self._loop.run_until_complete(task)
  File "C:\Users\user\AppData\Local\Python\pythoncore-3.14-64\Lib\asyncio\base_events.py", line 706, in run_until_complete
    self.run_forever()
  File "C:\Users\user\AppData\Local\Python\pythoncore-3.14-64\Lib\asyncio\base_events.py", line 677, in run_forever
    self._run_once()
  File "C:\Users\user\AppData\Local\Python\pythoncore-3.14-64\Lib\asyncio\base_events.py", line 2019, in _run_once
    event_list = self._selector.select(timeout)
  File "C:\Users\user\AppData\Local\Python\pythoncore-3.14-64\Lib\asyncio\windows_events.py", line 446, in select
    self._poll(timeout)
  File "C:\Users\user\AppData\Local\Python\pythoncore-3.14-64\Lib\asyncio\windows_events.py", line 775, in _poll
    status = _overlapped.GetQueuedCompletionStatus(self._iocp, ms)

2026-10-08 04:32:04,074 [WARNING] disnake.gateway: Shard ID None heartbeat blocked for more than 1530 seconds.
Loop thread traceback (most recent call last):
  File "C:\Users\user\Desktop\12345\main.py", line 179, in <module>
    asyncio.run(main())
  File "C:\Users\user\AppData\Local\Python\pythoncore-3.14-64\Lib\asyncio\runners.py", line 204, in run
    return runner.run(main)
  File "C:\Users\user\AppData\Local\Python\pythoncore-3.14-64\Lib\asyncio\runners.py", line 127, in run
    return self._loop.run_until_complete(task)
  File "C:\Users\user\AppData\Local\Python\pythoncore-3.14-64\Lib\asyncio\base_events.py", line 706, in run_until_complete
    self.run_forever()
  File "C:\Users\user\AppData\Local\Python\pythoncore-3.14-64\Lib\asyncio\base_events.py", line 677, in run_forever
    self._run_once()
  File "C:\Users\user\AppData\Local\Python\pythoncore-3.14-64\Lib\asyncio\base_events.py", line 2019, in _run_once
    event_list = self._selector.select(timeout)
  File "C:\Users\user\AppData\Local\Python\pythoncore-3.14-64\Lib\asyncio\windows_events.py", line 446, in select
    self._poll(timeout)
  File "C:\Users\user\AppData\Local\Python\pythoncore-3.14-64\Lib\asyncio\windows_events.py", line 775, in _poll
    status = _overlapped.GetQueuedCompletionStatus(self._iocp, ms)

2026-10-08 04:32:14,083 [WARNING] disnake.gateway: Shard ID None heartbeat blocked for more than 1540 seconds.
Loop thread traceback (most recent call last):
  File "C:\Users\user\Desktop\12345\main.py", line 179, in <module>
    asyncio.run(main())
  File "C:\Users\user\AppData\Local\Python\pythoncore-3.14-64\Lib\asyncio\runners.py", line 204, in run
    return runner.run(main)
  File "C:\Users\user\AppData\Local\Python\pythoncore-3.14-64\Lib\asyncio\runners.py", line 127, in run
    return self._loop.run_until_complete(task)
  File "C:\Users\user\AppData\Local\Python\pythoncore-3.14-64\Lib\asyncio\base_events.py", line 706, in run_until_complete
    self.run_forever()
  File "C:\Users\user\AppData\Local\Python\pythoncore-3.14-64\Lib\asyncio\base_events.py", line 677, in run_forever
    self._run_once()
  File "C:\Users\user\AppData\Local\Python\pythoncore-3.14-64\Lib\asyncio\base_events.py", line 2019, in _run_once
    event_list = self._selector.select(timeout)
  File "C:\Users\user\AppData\Local\Python\pythoncore-3.14-64\Lib\asyncio\windows_events.py", line 446, in select
    self._poll(timeout)
  File "C:\Users\user\AppData\Local\Python\pythoncore-3.14-64\Lib\asyncio\windows_events.py", line 775, in _poll
    status = _overlapped.GetQueuedCompletionStatus(self._iocp, ms)

2026-10-08 04:32:22,328 [WARNING] disnake.gateway: Can't keep up, shard ID None websocket is 1590.9s behind.
2026-10-08 04:32:24,099 [WARNING] disnake.gateway: Shard ID None heartbeat blocked for more than 1550 seconds.
Loop thread traceback (most recent call last):
  File "C:\Users\user\Desktop\12345\main.py", line 179, in <module>
    asyncio.run(main())
  File "C:\Users\user\AppData\Local\Python\pythoncore-3.14-64\Lib\asyncio\runners.py", line 204, in run
    return runner.run(main)
  File "C:\Users\user\AppData\Local\Python\pythoncore-3.14-64\Lib\asyncio\runners.py", line 127, in run
    return self._loop.run_until_complete(task)
  File "C:\Users\user\AppData\Local\Python\pythoncore-3.14-64\Lib\asyncio\base_events.py", line 706, in run_until_complete
    self.run_forever()
  File "C:\Users\user\AppData\Local\Python\pythoncore-3.14-64\Lib\asyncio\base_events.py", line 677, in run_forever
    self._run_once()
  File "C:\Users\user\AppData\Local\Python\pythoncore-3.14-64\Lib\asyncio\base_events.py", line 2019, in _run_once
    event_list = self._selector.select(timeout)
  File "C:\Users\user\AppData\Local\Python\pythoncore-3.14-64\Lib\asyncio\windows_events.py", line 446, in select
    self._poll(timeout)
  File "C:\Users\user\AppData\Local\Python\pythoncore-3.14-64\Lib\asyncio\windows_events.py", line 775, in _poll
    status = _overlapped.GetQueuedCompletionStatus(self._iocp, ms)

2026-10-08 04:32:34,109 [WARNING] disnake.gateway: Shard ID None heartbeat blocked for more than 1560 seconds.
Loop thread traceback (most recent call last):
  File "C:\Users\user\Desktop\12345\main.py", line 179, in <module>
    asyncio.run(main())
  File "C:\Users\user\AppData\Local\Python\pythoncore-3.14-64\Lib\asyncio\runners.py", line 204, in run
    return runner.run(main)
  File "C:\Users\user\AppData\Local\Python\pythoncore-3.14-64\Lib\asyncio\runners.py", line 127, in run
    return self._loop.run_until_complete(task)
  File "C:\Users\user\AppData\Local\Python\pythoncore-3.14-64\Lib\asyncio\base_events.py", line 706, in run_until_complete
    self.run_forever()
  File "C:\Users\user\AppData\Local\Python\pythoncore-3.14-64\Lib\asyncio\base_events.py", line 677, in run_forever
    self._run_once()
  File "C:\Users\user\AppData\Local\Python\pythoncore-3.14-64\Lib\asyncio\base_events.py", line 2019, in _run_once
    event_list = self._selector.select(timeout)
  File "C:\Users\user\AppData\Local\Python\pythoncore-3.14-64\Lib\asyncio\windows_events.py", line 446, in select
    self._poll(timeout)
  File "C:\Users\user\AppData\Local\Python\pythoncore-3.14-64\Lib\asyncio\windows_events.py", line 775, in _poll
    status = _overlapped.GetQueuedCompletionStatus(self._iocp, ms)

2026-10-08 04:32:44,112 [WARNING] disnake.gateway: Shard ID None heartbeat blocked for more than 1570 seconds.
Loop thread traceback (most recent call last):
  File "C:\Users\user\Desktop\12345\main.py", line 179, in <module>
    asyncio.run(main())
  File "C:\Users\user\AppData\Local\Python\pythoncore-3.14-64\Lib\asyncio\runners.py", line 204, in run
    return runner.run(main)
  File "C:\Users\user\AppData\Local\Python\pythoncore-3.14-64\Lib\asyncio\runners.py", line 127, in run
    return self._loop.run_until_complete(task)
  File "C:\Users\user\AppData\Local\Python\pythoncore-3.14-64\Lib\asyncio\base_events.py", line 706, in run_until_complete
    self.run_forever()
  File "C:\Users\user\AppData\Local\Python\pythoncore-3.14-64\Lib\asyncio\base_events.py", line 677, in run_forever
    self._run_once()
  File "C:\Users\user\AppData\Local\Python\pythoncore-3.14-64\Lib\asyncio\base_events.py", line 2019, in _run_once
    event_list = self._selector.select(timeout)
  File "C:\Users\user\AppData\Local\Python\pythoncore-3.14-64\Lib\asyncio\windows_events.py", line 446, in select
    self._poll(timeout)
  File "C:\Users\user\AppData\Local\Python\pythoncore-3.14-64\Lib\asyncio\windows_events.py", line 775, in _poll
    status = _overlapped.GetQueuedCompletionStatus(self._iocp, ms)

2026-10-08 04:32:54,126 [WARNING] disnake.gateway: Shard ID None heartbeat blocked for more than 1580 seconds.
Loop thread traceback (most recent call last):
  File "C:\Users\user\Desktop\12345\main.py", line 179, in <module>
    asyncio.run(main())
  File "C:\Users\user\AppData\Local\Python\pythoncore-3.14-64\Lib\asyncio\runners.py", line 204, in run
    return runner.run(main)
  File "C:\Users\user\AppData\Local\Python\pythoncore-3.14-64\Lib\asyncio\runners.py", line 127, in run
    return self._loop.run_until_complete(task)
  File "C:\Users\user\AppData\Local\Python\pythoncore-3.14-64\Lib\asyncio\base_events.py", line 706, in run_until_complete
    self.run_forever()
  File "C:\Users\user\AppData\Local\Python\pythoncore-3.14-64\Lib\asyncio\base_events.py", line 677, in run_forever
    self._run_once()
  File "C:\Users\user\AppData\Local\Python\pythoncore-3.14-64\Lib\asyncio\base_events.py", line 2019, in _run_once
    event_list = self._selector.select(timeout)
  File "C:\Users\user\AppData\Local\Python\pythoncore-3.14-64\Lib\asyncio\windows_events.py", line 446, in select
    self._poll(timeout)
  File "C:\Users\user\AppData\Local\Python\pythoncore-3.14-64\Lib\asyncio\windows_events.py", line 775, in _poll
    status = _overlapped.GetQueuedCompletionStatus(self._iocp, ms)

2026-10-08 04:33:04,135 [WARNING] disnake.gateway: Shard ID None heartbeat blocked for more than 1590 seconds.
Loop thread traceback (most recent call last):
  File "C:\Users\user\Desktop\12345\main.py", line 179, in <module>
    asyncio.run(main())
  File "C:\Users\user\AppData\Local\Python\pythoncore-3.14-64\Lib\asyncio\runners.py", line 204, in run
    return runner.run(main)
  File "C:\Users\user\AppData\Local\Python\pythoncore-3.14-64\Lib\asyncio\runners.py", line 127, in run
    return self._loop.run_until_complete(task)
  File "C:\Users\user\AppData\Local\Python\pythoncore-3.14-64\Lib\asyncio\base_events.py", line 706, in run_until_complete
    self.run_forever()
  File "C:\Users\user\AppData\Local\Python\pythoncore-3.14-64\Lib\asyncio\base_events.py", line 677, in run_forever
    self._run_once()
  File "C:\Users\user\AppData\Local\Python\pythoncore-3.14-64\Lib\asyncio\base_events.py", line 2019, in _run_once
    event_list = self._selector.select(timeout)
  File "C:\Users\user\AppData\Local\Python\pythoncore-3.14-64\Lib\asyncio\windows_events.py", line 446, in select
    self._poll(timeout)
  File "C:\Users\user\AppData\Local\Python\pythoncore-3.14-64\Lib\asyncio\windows_events.py", line 775, in _poll
    status = _overlapped.GetQueuedCompletionStatus(self._iocp, ms)

2026-10-08 04:33:12,022 [WARNING] disnake.gateway: Can't keep up, shard ID None websocket is 1640.5s behind.
2026-10-08 04:33:14,143 [WARNING] disnake.gateway: Shard ID None heartbeat blocked for more than 1600 seconds.
Loop thread traceback (most recent call last):
  File "C:\Users\user\Desktop\12345\main.py", line 179, in <module>
    asyncio.run(main())
  File "C:\Users\user\AppData\Local\Python\pythoncore-3.14-64\Lib\asyncio\runners.py", line 204, in run
    return runner.run(main)
  File "C:\Users\user\AppData\Local\Python\pythoncore-3.14-64\Lib\asyncio\runners.py", line 127, in run
    return self._loop.run_until_complete(task)
  File "C:\Users\user\AppData\Local\Python\pythoncore-3.14-64\Lib\asyncio\base_events.py", line 706, in run_until_complete
    self.run_forever()
  File "C:\Users\user\AppData\Local\Python\pythoncore-3.14-64\Lib\asyncio\base_events.py", line 677, in run_forever
    self._run_once()
  File "C:\Users\user\AppData\Local\Python\pythoncore-3.14-64\Lib\asyncio\base_events.py", line 2019, in _run_once
    event_list = self._selector.select(timeout)
  File "C:\Users\user\AppData\Local\Python\pythoncore-3.14-64\Lib\asyncio\windows_events.py", line 446, in select
    self._poll(timeout)
  File "C:\Users\user\AppData\Local\Python\pythoncore-3.14-64\Lib\asyncio\windows_events.py", line 775, in _poll
    status = _overlapped.GetQueuedCompletionStatus(self._iocp, ms)

2026-10-08 04:33:24,148 [WARNING] disnake.gateway: Shard ID None heartbeat blocked for more than 1610 seconds.
Loop thread traceback (most recent call last):
  File "C:\Users\user\Desktop\12345\main.py", line 179, in <module>
    asyncio.run(main())
  File "C:\Users\user\AppData\Local\Python\pythoncore-3.14-64\Lib\asyncio\runners.py", line 204, in run
    return runner.run(main)
  File "C:\Users\user\AppData\Local\Python\pythoncore-3.14-64\Lib\asyncio\runners.py", line 127, in run
    return self._loop.run_until_complete(task)
  File "C:\Users\user\AppData\Local\Python\pythoncore-3.14-64\Lib\asyncio\base_events.py", line 706, in run_until_complete
    self.run_forever()
  File "C:\Users\user\AppData\Local\Python\pythoncore-3.14-64\Lib\asyncio\base_events.py", line 677, in run_forever
    self._run_once()
  File "C:\Users\user\AppData\Local\Python\pythoncore-3.14-64\Lib\asyncio\base_events.py", line 2019, in _run_once
    event_list = self._selector.select(timeout)
  File "C:\Users\user\AppData\Local\Python\pythoncore-3.14-64\Lib\asyncio\windows_events.py", line 446, in select
    self._poll(timeout)
  File "C:\Users\user\AppData\Local\Python\pythoncore-3.14-64\Lib\asyncio\windows_events.py", line 775, in _poll
    status = _overlapped.GetQueuedCompletionStatus(self._iocp, ms)

2026-10-08 04:33:34,154 [WARNING] disnake.gateway: Shard ID None heartbeat blocked for more than 1620 seconds.
Loop thread traceback (most recent call last):
  File "C:\Users\user\Desktop\12345\main.py", line 179, in <module>
    asyncio.run(main())
  File "C:\Users\user\AppData\Local\Python\pythoncore-3.14-64\Lib\asyncio\runners.py", line 204, in run
    return runner.run(main)
  File "C:\Users\user\AppData\Local\Python\pythoncore-3.14-64\Lib\asyncio\runners.py", line 127, in run
    return self._loop.run_until_complete(task)
  File "C:\Users\user\AppData\Local\Python\pythoncore-3.14-64\Lib\asyncio\base_events.py", line 706, in run_until_complete
    self.run_forever()
  File "C:\Users\user\AppData\Local\Python\pythoncore-3.14-64\Lib\asyncio\base_events.py", line 677, in run_forever
    self._run_once()
  File "C:\Users\user\AppData\Local\Python\pythoncore-3.14-64\Lib\asyncio\base_events.py", line 2019, in _run_once
    event_list = self._selector.select(timeout)
  File "C:\Users\user\AppData\Local\Python\pythoncore-3.14-64\Lib\asyncio\windows_events.py", line 446, in select
    self._poll(timeout)
  File "C:\Users\user\AppData\Local\Python\pythoncore-3.14-64\Lib\asyncio\windows_events.py", line 775, in _poll
    status = _overlapped.GetQueuedCompletionStatus(self._iocp, ms)

2026-10-08 04:33:44,165 [WARNING] disnake.gateway: Shard ID None heartbeat blocked for more than 1630 seconds.
Loop thread traceback (most recent call last):
  File "C:\Users\user\Desktop\12345\main.py", line 179, in <module>
    asyncio.run(main())
  File "C:\Users\user\AppData\Local\Python\pythoncore-3.14-64\Lib\asyncio\runners.py", line 204, in run
    return runner.run(main)
  File "C:\Users\user\AppData\Local\Python\pythoncore-3.14-64\Lib\asyncio\runners.py", line 127, in run
    return self._loop.run_until_complete(task)
  File "C:\Users\user\AppData\Local\Python\pythoncore-3.14-64\Lib\asyncio\base_events.py", line 706, in run_until_complete
    self.run_forever()
  File "C:\Users\user\AppData\Local\Python\pythoncore-3.14-64\Lib\asyncio\base_events.py", line 677, in run_forever
    self._run_once()
  File "C:\Users\user\AppData\Local\Python\pythoncore-3.14-64\Lib\asyncio\base_events.py", line 2019, in _run_once
    event_list = self._selector.select(timeout)
  File "C:\Users\user\AppData\Local\Python\pythoncore-3.14-64\Lib\asyncio\windows_events.py", line 446, in select
    self._poll(timeout)
  File "C:\Users\user\AppData\Local\Python\pythoncore-3.14-64\Lib\asyncio\windows_events.py", line 775, in _poll
    status = _overlapped.GetQueuedCompletionStatus(self._iocp, ms)

2026-10-08 04:33:54,175 [WARNING] disnake.gateway: Shard ID None heartbeat blocked for more than 1640 seconds.
Loop thread traceback (most recent call last):
  File "C:\Users\user\Desktop\12345\main.py", line 179, in <module>
    asyncio.run(main())
  File "C:\Users\user\AppData\Local\Python\pythoncore-3.14-64\Lib\asyncio\runners.py", line 204, in run
    return runner.run(main)
  File "C:\Users\user\AppData\Local\Python\pythoncore-3.14-64\Lib\asyncio\runners.py", line 127, in run
    return self._loop.run_until_complete(task)
  File "C:\Users\user\AppData\Local\Python\pythoncore-3.14-64\Lib\asyncio\base_events.py", line 706, in run_until_complete
    self.run_forever()
  File "C:\Users\user\AppData\Local\Python\pythoncore-3.14-64\Lib\asyncio\base_events.py", line 677, in run_forever
    self._run_once()
  File "C:\Users\user\AppData\Local\Python\pythoncore-3.14-64\Lib\asyncio\base_events.py", line 2019, in _run_once
    event_list = self._selector.select(timeout)
  File "C:\Users\user\AppData\Local\Python\pythoncore-3.14-64\Lib\asyncio\windows_events.py", line 446, in select
    self._poll(timeout)
  File "C:\Users\user\AppData\Local\Python\pythoncore-3.14-64\Lib\asyncio\windows_events.py", line 775, in _poll
    status = _overlapped.GetQueuedCompletionStatus(self._iocp, ms)

2026-10-08 04:34:01,711 [WARNING] disnake.gateway: Can't keep up, shard ID None websocket is 1690.2s behind.
2026-10-08 04:34:04,187 [WARNING] disnake.gateway: Shard ID None heartbeat blocked for more than 1650 seconds.
Loop thread traceback (most recent call last):
  File "C:\Users\user\Desktop\12345\main.py", line 179, in <module>
    asyncio.run(main())
  File "C:\Users\user\AppData\Local\Python\pythoncore-3.14-64\Lib\asyncio\runners.py", line 204, in run
    return runner.run(main)
  File "C:\Users\user\AppData\Local\Python\pythoncore-3.14-64\Lib\asyncio\runners.py", line 127, in run
    return self._loop.run_until_complete(task)
  File "C:\Users\user\AppData\Local\Python\pythoncore-3.14-64\Lib\asyncio\base_events.py", line 706, in run_until_complete
    self.run_forever()
  File "C:\Users\user\AppData\Local\Python\pythoncore-3.14-64\Lib\asyncio\base_events.py", line 677, in run_forever
    self._run_once()
  File "C:\Users\user\AppData\Local\Python\pythoncore-3.14-64\Lib\asyncio\base_events.py", line 2019, in _run_once
    event_list = self._selector.select(timeout)
  File "C:\Users\user\AppData\Local\Python\pythoncore-3.14-64\Lib\asyncio\windows_events.py", line 446, in select
    self._poll(timeout)
  File "C:\Users\user\AppData\Local\Python\pythoncore-3.14-64\Lib\asyncio\windows_events.py", line 775, in _poll
    status = _overlapped.GetQueuedCompletionStatus(self._iocp, ms)

2026-10-08 04:34:14,188 [WARNING] disnake.gateway: Shard ID None heartbeat blocked for more than 1660 seconds.
Loop thread traceback (most recent call last):
  File "C:\Users\user\Desktop\12345\main.py", line 179, in <module>
    asyncio.run(main())
  File "C:\Users\user\AppData\Local\Python\pythoncore-3.14-64\Lib\asyncio\runners.py", line 204, in run
    return runner.run(main)
  File "C:\Users\user\AppData\Local\Python\pythoncore-3.14-64\Lib\asyncio\runners.py", line 127, in run
    return self._loop.run_until_complete(task)
  File "C:\Users\user\AppData\Local\Python\pythoncore-3.14-64\Lib\asyncio\base_events.py", line 706, in run_until_complete
    self.run_forever()
  File "C:\Users\user\AppData\Local\Python\pythoncore-3.14-64\Lib\asyncio\base_events.py", line 677, in run_forever
    self._run_once()
  File "C:\Users\user\AppData\Local\Python\pythoncore-3.14-64\Lib\asyncio\base_events.py", line 2019, in _run_once
    event_list = self._selector.select(timeout)
  File "C:\Users\user\AppData\Local\Python\pythoncore-3.14-64\Lib\asyncio\windows_events.py", line 446, in select
    self._poll(timeout)
  File "C:\Users\user\AppData\Local\Python\pythoncore-3.14-64\Lib\asyncio\windows_events.py", line 775, in _poll
    status = _overlapped.GetQueuedCompletionStatus(self._iocp, ms)

2026-10-08 04:34:24,195 [WARNING] disnake.gateway: Shard ID None heartbeat blocked for more than 1670 seconds.
Loop thread traceback (most recent call last):
  File "C:\Users\user\Desktop\12345\main.py", line 179, in <module>
    asyncio.run(main())
  File "C:\Users\user\AppData\Local\Python\pythoncore-3.14-64\Lib\asyncio\runners.py", line 204, in run
    return runner.run(main)
  File "C:\Users\user\AppData\Local\Python\pythoncore-3.14-64\Lib\asyncio\runners.py", line 127, in run
    return self._loop.run_until_complete(task)
  File "C:\Users\user\AppData\Local\Python\pythoncore-3.14-64\Lib\asyncio\base_events.py", line 706, in run_until_complete
    self.run_forever()
  File "C:\Users\user\AppData\Local\Python\pythoncore-3.14-64\Lib\asyncio\base_events.py", line 677, in run_forever
    self._run_once()
  File "C:\Users\user\AppData\Local\Python\pythoncore-3.14-64\Lib\asyncio\base_events.py", line 2019, in _run_once
    event_list = self._selector.select(timeout)
  File "C:\Users\user\AppData\Local\Python\pythoncore-3.14-64\Lib\asyncio\windows_events.py", line 446, in select
    self._poll(timeout)
  File "C:\Users\user\AppData\Local\Python\pythoncore-3.14-64\Lib\asyncio\windows_events.py", line 775, in _poll
    status = _overlapped.GetQueuedCompletionStatus(self._iocp, ms)

2026-10-08 04:34:34,209 [WARNING] disnake.gateway: Shard ID None heartbeat blocked for more than 1680 seconds.
Loop thread traceback (most recent call last):
  File "C:\Users\user\Desktop\12345\main.py", line 179, in <module>
    asyncio.run(main())
  File "C:\Users\user\AppData\Local\Python\pythoncore-3.14-64\Lib\asyncio\runners.py", line 204, in run
    return runner.run(main)
  File "C:\Users\user\AppData\Local\Python\pythoncore-3.14-64\Lib\asyncio\runners.py", line 127, in run
    return self._loop.run_until_complete(task)
  File "C:\Users\user\AppData\Local\Python\pythoncore-3.14-64\Lib\asyncio\base_events.py", line 706, in run_until_complete
    self.run_forever()
  File "C:\Users\user\AppData\Local\Python\pythoncore-3.14-64\Lib\asyncio\base_events.py", line 677, in run_forever
    self._run_once()
  File "C:\Users\user\AppData\Local\Python\pythoncore-3.14-64\Lib\asyncio\base_events.py", line 2019, in _run_once
    event_list = self._selector.select(timeout)
  File "C:\Users\user\AppData\Local\Python\pythoncore-3.14-64\Lib\asyncio\windows_events.py", line 446, in select
    self._poll(timeout)
  File "C:\Users\user\AppData\Local\Python\pythoncore-3.14-64\Lib\asyncio\windows_events.py", line 775, in _poll
    status = _overlapped.GetQueuedCompletionStatus(self._iocp, ms)

2026-10-08 04:34:44,210 [WARNING] disnake.gateway: Shard ID None heartbeat blocked for more than 1690 seconds.
Loop thread traceback (most recent call last):
  File "C:\Users\user\Desktop\12345\main.py", line 179, in <module>
    asyncio.run(main())
  File "C:\Users\user\AppData\Local\Python\pythoncore-3.14-64\Lib\asyncio\runners.py", line 204, in run
    return runner.run(main)
  File "C:\Users\user\AppData\Local\Python\pythoncore-3.14-64\Lib\asyncio\runners.py", line 127, in run
    return self._loop.run_until_complete(task)
  File "C:\Users\user\AppData\Local\Python\pythoncore-3.14-64\Lib\asyncio\base_events.py", line 706, in run_until_complete
    self.run_forever()
  File "C:\Users\user\AppData\Local\Python\pythoncore-3.14-64\Lib\asyncio\base_events.py", line 677, in run_forever
    self._run_once()
  File "C:\Users\user\AppData\Local\Python\pythoncore-3.14-64\Lib\asyncio\base_events.py", line 2019, in _run_once
    event_list = self._selector.select(timeout)
  File "C:\Users\user\AppData\Local\Python\pythoncore-3.14-64\Lib\asyncio\windows_events.py", line 446, in select
    self._poll(timeout)
  File "C:\Users\user\AppData\Local\Python\pythoncore-3.14-64\Lib\asyncio\windows_events.py", line 775, in _poll
    status = _overlapped.GetQueuedCompletionStatus(self._iocp, ms)

2026-10-08 04:34:51,400 [WARNING] disnake.gateway: Can't keep up, shard ID None websocket is 1739.9s behind.
2026-10-08 04:34:54,213 [WARNING] disnake.gateway: Shard ID None heartbeat blocked for more than 1700 seconds.
Loop thread traceback (most recent call last):
  File "C:\Users\user\Desktop\12345\main.py", line 179, in <module>
    asyncio.run(main())
  File "C:\Users\user\AppData\Local\Python\pythoncore-3.14-64\Lib\asyncio\runners.py", line 204, in run
    return runner.run(main)
  File "C:\Users\user\AppData\Local\Python\pythoncore-3.14-64\Lib\asyncio\runners.py", line 127, in run
    return self._loop.run_until_complete(task)
  File "C:\Users\user\AppData\Local\Python\pythoncore-3.14-64\Lib\asyncio\base_events.py", line 706, in run_until_complete
    self.run_forever()
  File "C:\Users\user\AppData\Local\Python\pythoncore-3.14-64\Lib\asyncio\base_events.py", line 677, in run_forever
    self._run_once()
  File "C:\Users\user\AppData\Local\Python\pythoncore-3.14-64\Lib\asyncio\base_events.py", line 2019, in _run_once
    event_list = self._selector.select(timeout)
  File "C:\Users\user\AppData\Local\Python\pythoncore-3.14-64\Lib\asyncio\windows_events.py", line 446, in select
    self._poll(timeout)
  File "C:\Users\user\AppData\Local\Python\pythoncore-3.14-64\Lib\asyncio\windows_events.py", line 775, in _poll
    status = _overlapped.GetQueuedCompletionStatus(self._iocp, ms)

2026-10-08 04:35:04,214 [WARNING] disnake.gateway: Shard ID None heartbeat blocked for more than 1710 seconds.
Loop thread traceback (most recent call last):
  File "C:\Users\user\Desktop\12345\main.py", line 179, in <module>
    asyncio.run(main())
  File "C:\Users\user\AppData\Local\Python\pythoncore-3.14-64\Lib\asyncio\runners.py", line 204, in run
    return runner.run(main)
  File "C:\Users\user\AppData\Local\Python\pythoncore-3.14-64\Lib\asyncio\runners.py", line 127, in run
    return self._loop.run_until_complete(task)
  File "C:\Users\user\AppData\Local\Python\pythoncore-3.14-64\Lib\asyncio\base_events.py", line 706, in run_until_complete
    self.run_forever()
  File "C:\Users\user\AppData\Local\Python\pythoncore-3.14-64\Lib\asyncio\base_events.py", line 677, in run_forever
    self._run_once()
  File "C:\Users\user\AppData\Local\Python\pythoncore-3.14-64\Lib\asyncio\base_events.py", line 2019, in _run_once
    event_list = self._selector.select(timeout)
  File "C:\Users\user\AppData\Local\Python\pythoncore-3.14-64\Lib\asyncio\windows_events.py", line 446, in select
    self._poll(timeout)
  File "C:\Users\user\AppData\Local\Python\pythoncore-3.14-64\Lib\asyncio\windows_events.py", line 775, in _poll
    status = _overlapped.GetQueuedCompletionStatus(self._iocp, ms)

2026-10-08 04:35:14,224 [WARNING] disnake.gateway: Shard ID None heartbeat blocked for more than 1720 seconds.
Loop thread traceback (most recent call last):
  File "C:\Users\user\Desktop\12345\main.py", line 179, in <module>
    asyncio.run(main())
  File "C:\Users\user\AppData\Local\Python\pythoncore-3.14-64\Lib\asyncio\runners.py", line 204, in run
    return runner.run(main)
  File "C:\Users\user\AppData\Local\Python\pythoncore-3.14-64\Lib\asyncio\runners.py", line 127, in run
    return self._loop.run_until_complete(task)
  File "C:\Users\user\AppData\Local\Python\pythoncore-3.14-64\Lib\asyncio\base_events.py", line 706, in run_until_complete
    self.run_forever()
  File "C:\Users\user\AppData\Local\Python\pythoncore-3.14-64\Lib\asyncio\base_events.py", line 677, in run_forever
    self._run_once()
  File "C:\Users\user\AppData\Local\Python\pythoncore-3.14-64\Lib\asyncio\base_events.py", line 2019, in _run_once
    event_list = self._selector.select(timeout)
  File "C:\Users\user\AppData\Local\Python\pythoncore-3.14-64\Lib\asyncio\windows_events.py", line 446, in select
    self._poll(timeout)
  File "C:\Users\user\AppData\Local\Python\pythoncore-3.14-64\Lib\asyncio\windows_events.py", line 775, in _poll
    status = _overlapped.GetQueuedCompletionStatus(self._iocp, ms)

2026-10-08 04:35:24,238 [WARNING] disnake.gateway: Shard ID None heartbeat blocked for more than 1730 seconds.
Loop thread traceback (most recent call last):
  File "C:\Users\user\Desktop\12345\main.py", line 179, in <module>
    asyncio.run(main())
  File "C:\Users\user\AppData\Local\Python\pythoncore-3.14-64\Lib\asyncio\runners.py", line 204, in run
    return runner.run(main)
  File "C:\Users\user\AppData\Local\Python\pythoncore-3.14-64\Lib\asyncio\runners.py", line 127, in run
    return self._loop.run_until_complete(task)
  File "C:\Users\user\AppData\Local\Python\pythoncore-3.14-64\Lib\asyncio\base_events.py", line 706, in run_until_complete
    self.run_forever()
  File "C:\Users\user\AppData\Local\Python\pythoncore-3.14-64\Lib\asyncio\base_events.py", line 677, in run_forever
    self._run_once()
  File "C:\Users\user\AppData\Local\Python\pythoncore-3.14-64\Lib\asyncio\base_events.py", line 2019, in _run_once
    event_list = self._selector.select(timeout)
  File "C:\Users\user\AppData\Local\Python\pythoncore-3.14-64\Lib\asyncio\windows_events.py", line 446, in select
    self._poll(timeout)
  File "C:\Users\user\AppData\Local\Python\pythoncore-3.14-64\Lib\asyncio\windows_events.py", line 775, in _poll
    status = _overlapped.GetQueuedCompletionStatus(self._iocp, ms)

2026-10-08 04:35:34,240 [WARNING] disnake.gateway: Shard ID None heartbeat blocked for more than 1740 seconds.
Loop thread traceback (most recent call last):
  File "C:\Users\user\Desktop\12345\main.py", line 179, in <module>
    asyncio.run(main())
  File "C:\Users\user\AppData\Local\Python\pythoncore-3.14-64\Lib\asyncio\runners.py", line 204, in run
    return runner.run(main)
  File "C:\Users\user\AppData\Local\Python\pythoncore-3.14-64\Lib\asyncio\runners.py", line 127, in run
    return self._loop.run_until_complete(task)
  File "C:\Users\user\AppData\Local\Python\pythoncore-3.14-64\Lib\asyncio\base_events.py", line 706, in run_until_complete
    self.run_forever()
  File "C:\Users\user\AppData\Local\Python\pythoncore-3.14-64\Lib\asyncio\base_events.py", line 677, in run_forever
    self._run_once()
  File "C:\Users\user\AppData\Local\Python\pythoncore-3.14-64\Lib\asyncio\base_events.py", line 2019, in _run_once
    event_list = self._selector.select(timeout)
  File "C:\Users\user\AppData\Local\Python\pythoncore-3.14-64\Lib\asyncio\windows_events.py", line 446, in select
    self._poll(timeout)
  File "C:\Users\user\AppData\Local\Python\pythoncore-3.14-64\Lib\asyncio\windows_events.py", line 775, in _poll
    status = _overlapped.GetQueuedCompletionStatus(self._iocp, ms)

2026-10-08 04:35:41,088 [WARNING] disnake.gateway: Can't keep up, shard ID None websocket is 1789.6s behind.
2026-10-08 04:35:44,249 [WARNING] disnake.gateway: Shard ID None heartbeat blocked for more than 1750 seconds.
Loop thread traceback (most recent call last):
  File "C:\Users\user\Desktop\12345\main.py", line 179, in <module>
    asyncio.run(main())
  File "C:\Users\user\AppData\Local\Python\pythoncore-3.14-64\Lib\asyncio\runners.py", line 204, in run
    return runner.run(main)
  File "C:\Users\user\AppData\Local\Python\pythoncore-3.14-64\Lib\asyncio\runners.py", line 127, in run
    return self._loop.run_until_complete(task)
  File "C:\Users\user\AppData\Local\Python\pythoncore-3.14-64\Lib\asyncio\base_events.py", line 706, in run_until_complete
    self.run_forever()
  File "C:\Users\user\AppData\Local\Python\pythoncore-3.14-64\Lib\asyncio\base_events.py", line 677, in run_forever
    self._run_once()
  File "C:\Users\user\AppData\Local\Python\pythoncore-3.14-64\Lib\asyncio\base_events.py", line 2019, in _run_once
    event_list = self._selector.select(timeout)
  File "C:\Users\user\AppData\Local\Python\pythoncore-3.14-64\Lib\asyncio\windows_events.py", line 446, in select
    self._poll(timeout)
  File "C:\Users\user\AppData\Local\Python\pythoncore-3.14-64\Lib\asyncio\windows_events.py", line 775, in _poll
    status = _overlapped.GetQueuedCompletionStatus(self._iocp, ms)

2026-10-08 04:35:54,260 [WARNING] disnake.gateway: Shard ID None heartbeat blocked for more than 1760 seconds.
Loop thread traceback (most recent call last):
  File "C:\Users\user\Desktop\12345\main.py", line 179, in <module>
    asyncio.run(main())
  File "C:\Users\user\AppData\Local\Python\pythoncore-3.14-64\Lib\asyncio\runners.py", line 204, in run
    return runner.run(main)
  File "C:\Users\user\AppData\Local\Python\pythoncore-3.14-64\Lib\asyncio\runners.py", line 127, in run
    return self._loop.run_until_complete(task)
  File "C:\Users\user\AppData\Local\Python\pythoncore-3.14-64\Lib\asyncio\base_events.py", line 706, in run_until_complete
    self.run_forever()
  File "C:\Users\user\AppData\Local\Python\pythoncore-3.14-64\Lib\asyncio\base_events.py", line 677, in run_forever
    self._run_once()
  File "C:\Users\user\AppData\Local\Python\pythoncore-3.14-64\Lib\asyncio\base_events.py", line 2019, in _run_once
    event_list = self._selector.select(timeout)
  File "C:\Users\user\AppData\Local\Python\pythoncore-3.14-64\Lib\asyncio\windows_events.py", line 446, in select
    self._poll(timeout)
  File "C:\Users\user\AppData\Local\Python\pythoncore-3.14-64\Lib\asyncio\windows_events.py", line 775, in _poll
    status = _overlapped.GetQueuedCompletionStatus(self._iocp, ms)

2026-10-08 04:36:04,274 [WARNING] disnake.gateway: Shard ID None heartbeat blocked for more than 1770 seconds.
Loop thread traceback (most recent call last):
  File "C:\Users\user\Desktop\12345\main.py", line 179, in <module>
    asyncio.run(main())
  File "C:\Users\user\AppData\Local\Python\pythoncore-3.14-64\Lib\asyncio\runners.py", line 204, in run
    return runner.run(main)
  File "C:\Users\user\AppData\Local\Python\pythoncore-3.14-64\Lib\asyncio\runners.py", line 127, in run
    return self._loop.run_until_complete(task)
  File "C:\Users\user\AppData\Local\Python\pythoncore-3.14-64\Lib\asyncio\base_events.py", line 706, in run_until_complete
    self.run_forever()
  File "C:\Users\user\AppData\Local\Python\pythoncore-3.14-64\Lib\asyncio\base_events.py", line 677, in run_forever
    self._run_once()
  File "C:\Users\user\AppData\Local\Python\pythoncore-3.14-64\Lib\asyncio\base_events.py", line 2019, in _run_once
    event_list = self._selector.select(timeout)
  File "C:\Users\user\AppData\Local\Python\pythoncore-3.14-64\Lib\asyncio\windows_events.py", line 446, in select
    self._poll(timeout)
  File "C:\Users\user\AppData\Local\Python\pythoncore-3.14-64\Lib\asyncio\windows_events.py", line 775, in _poll
    status = _overlapped.GetQueuedCompletionStatus(self._iocp, ms)

2026-10-08 04:36:14,283 [WARNING] disnake.gateway: Shard ID None heartbeat blocked for more than 1780 seconds.
Loop thread traceback (most recent call last):
  File "C:\Users\user\Desktop\12345\main.py", line 179, in <module>
    asyncio.run(main())
  File "C:\Users\user\AppData\Local\Python\pythoncore-3.14-64\Lib\asyncio\runners.py", line 204, in run
    return runner.run(main)
  File "C:\Users\user\AppData\Local\Python\pythoncore-3.14-64\Lib\asyncio\runners.py", line 127, in run
    return self._loop.run_until_complete(task)
  File "C:\Users\user\AppData\Local\Python\pythoncore-3.14-64\Lib\asyncio\base_events.py", line 706, in run_until_complete
    self.run_forever()
  File "C:\Users\user\AppData\Local\Python\pythoncore-3.14-64\Lib\asyncio\base_events.py", line 677, in run_forever
    self._run_once()
  File "C:\Users\user\AppData\Local\Python\pythoncore-3.14-64\Lib\asyncio\base_events.py", line 2019, in _run_once
    event_list = self._selector.select(timeout)
  File "C:\Users\user\AppData\Local\Python\pythoncore-3.14-64\Lib\asyncio\windows_events.py", line 446, in select
    self._poll(timeout)
  File "C:\Users\user\AppData\Local\Python\pythoncore-3.14-64\Lib\asyncio\windows_events.py", line 775, in _poll
    status = _overlapped.GetQueuedCompletionStatus(self._iocp, ms)

2026-10-08 04:36:24,292 [WARNING] disnake.gateway: Shard ID None heartbeat blocked for more than 1790 seconds.
Loop thread traceback (most recent call last):
  File "C:\Users\user\Desktop\12345\main.py", line 179, in <module>
    asyncio.run(main())
  File "C:\Users\user\AppData\Local\Python\pythoncore-3.14-64\Lib\asyncio\runners.py", line 204, in run
    return runner.run(main)
  File "C:\Users\user\AppData\Local\Python\pythoncore-3.14-64\Lib\asyncio\runners.py", line 127, in run
    return self._loop.run_until_complete(task)
  File "C:\Users\user\AppData\Local\Python\pythoncore-3.14-64\Lib\asyncio\base_events.py", line 706, in run_until_complete
    self.run_forever()
  File "C:\Users\user\AppData\Local\Python\pythoncore-3.14-64\Lib\asyncio\base_events.py", line 677, in run_forever
    self._run_once()
  File "C:\Users\user\AppData\Local\Python\pythoncore-3.14-64\Lib\asyncio\base_events.py", line 2019, in _run_once
    event_list = self._selector.select(timeout)
  File "C:\Users\user\AppData\Local\Python\pythoncore-3.14-64\Lib\asyncio\windows_events.py", line 446, in select
    self._poll(timeout)
  File "C:\Users\user\AppData\Local\Python\pythoncore-3.14-64\Lib\asyncio\windows_events.py", line 775, in _poll
    status = _overlapped.GetQueuedCompletionStatus(self._iocp, ms)

2026-10-08 04:36:30,776 [WARNING] disnake.gateway: Can't keep up, shard ID None websocket is 1839.3s behind.
2026-10-08 04:36:34,293 [WARNING] disnake.gateway: Shard ID None heartbeat blocked for more than 1800 seconds.
Loop thread traceback (most recent call last):
  File "C:\Users\user\Desktop\12345\main.py", line 179, in <module>
    asyncio.run(main())
  File "C:\Users\user\AppData\Local\Python\pythoncore-3.14-64\Lib\asyncio\runners.py", line 204, in run
    return runner.run(main)
  File "C:\Users\user\AppData\Local\Python\pythoncore-3.14-64\Lib\asyncio\runners.py", line 127, in run
    return self._loop.run_until_complete(task)
  File "C:\Users\user\AppData\Local\Python\pythoncore-3.14-64\Lib\asyncio\base_events.py", line 706, in run_until_complete
    self.run_forever()
  File "C:\Users\user\AppData\Local\Python\pythoncore-3.14-64\Lib\asyncio\base_events.py", line 677, in run_forever
    self._run_once()
  File "C:\Users\user\AppData\Local\Python\pythoncore-3.14-64\Lib\asyncio\base_events.py", line 2019, in _run_once
    event_list = self._selector.select(timeout)
  File "C:\Users\user\AppData\Local\Python\pythoncore-3.14-64\Lib\asyncio\windows_events.py", line 446, in select
    self._poll(timeout)
  File "C:\Users\user\AppData\Local\Python\pythoncore-3.14-64\Lib\asyncio\windows_events.py", line 775, in _poll
    status = _overlapped.GetQueuedCompletionStatus(self._iocp, ms)

2026-10-08 04:36:44,296 [WARNING] disnake.gateway: Shard ID None heartbeat blocked for more than 1810 seconds.
Loop thread traceback (most recent call last):
  File "C:\Users\user\Desktop\12345\main.py", line 179, in <module>
    asyncio.run(main())
  File "C:\Users\user\AppData\Local\Python\pythoncore-3.14-64\Lib\asyncio\runners.py", line 204, in run
    return runner.run(main)
  File "C:\Users\user\AppData\Local\Python\pythoncore-3.14-64\Lib\asyncio\runners.py", line 127, in run
    return self._loop.run_until_complete(task)
  File "C:\Users\user\AppData\Local\Python\pythoncore-3.14-64\Lib\asyncio\base_events.py", line 706, in run_until_complete
    self.run_forever()
  File "C:\Users\user\AppData\Local\Python\pythoncore-3.14-64\Lib\asyncio\base_events.py", line 677, in run_forever
    self._run_once()
  File "C:\Users\user\AppData\Local\Python\pythoncore-3.14-64\Lib\asyncio\base_events.py", line 2019, in _run_once
    event_list = self._selector.select(timeout)
  File "C:\Users\user\AppData\Local\Python\pythoncore-3.14-64\Lib\asyncio\windows_events.py", line 446, in select
    self._poll(timeout)
  File "C:\Users\user\AppData\Local\Python\pythoncore-3.14-64\Lib\asyncio\windows_events.py", line 775, in _poll
    status = _overlapped.GetQueuedCompletionStatus(self._iocp, ms)

2026-10-08 04:36:54,297 [WARNING] disnake.gateway: Shard ID None heartbeat blocked for more than 1820 seconds.
Loop thread traceback (most recent call last):
  File "C:\Users\user\Desktop\12345\main.py", line 179, in <module>
    asyncio.run(main())
  File "C:\Users\user\AppData\Local\Python\pythoncore-3.14-64\Lib\asyncio\runners.py", line 204, in run
    return runner.run(main)
  File "C:\Users\user\AppData\Local\Python\pythoncore-3.14-64\Lib\asyncio\runners.py", line 127, in run
    return self._loop.run_until_complete(task)
  File "C:\Users\user\AppData\Local\Python\pythoncore-3.14-64\Lib\asyncio\base_events.py", line 706, in run_until_complete
    self.run_forever()
  File "C:\Users\user\AppData\Local\Python\pythoncore-3.14-64\Lib\asyncio\base_events.py", line 677, in run_forever
    self._run_once()
  File "C:\Users\user\AppData\Local\Python\pythoncore-3.14-64\Lib\asyncio\base_events.py", line 2019, in _run_once
    event_list = self._selector.select(timeout)
  File "C:\Users\user\AppData\Local\Python\pythoncore-3.14-64\Lib\asyncio\windows_events.py", line 446, in select
    self._poll(timeout)
  File "C:\Users\user\AppData\Local\Python\pythoncore-3.14-64\Lib\asyncio\windows_events.py", line 775, in _poll
    status = _overlapped.GetQueuedCompletionStatus(self._iocp, ms)

2026-10-08 04:37:04,297 [WARNING] disnake.gateway: Shard ID None heartbeat blocked for more than 1830 seconds.
Loop thread traceback (most recent call last):
  File "C:\Users\user\Desktop\12345\main.py", line 179, in <module>
    asyncio.run(main())
  File "C:\Users\user\AppData\Local\Python\pythoncore-3.14-64\Lib\asyncio\runners.py", line 204, in run
    return runner.run(main)
  File "C:\Users\user\AppData\Local\Python\pythoncore-3.14-64\Lib\asyncio\runners.py", line 127, in run
    return self._loop.run_until_complete(task)
  File "C:\Users\user\AppData\Local\Python\pythoncore-3.14-64\Lib\asyncio\base_events.py", line 706, in run_until_complete
    self.run_forever()
  File "C:\Users\user\AppData\Local\Python\pythoncore-3.14-64\Lib\asyncio\base_events.py", line 677, in run_forever
    self._run_once()
  File "C:\Users\user\AppData\Local\Python\pythoncore-3.14-64\Lib\asyncio\base_events.py", line 2019, in _run_once
    event_list = self._selector.select(timeout)
  File "C:\Users\user\AppData\Local\Python\pythoncore-3.14-64\Lib\asyncio\windows_events.py", line 446, in select
    self._poll(timeout)
  File "C:\Users\user\AppData\Local\Python\pythoncore-3.14-64\Lib\asyncio\windows_events.py", line 775, in _poll
    status = _overlapped.GetQueuedCompletionStatus(self._iocp, ms)

2026-10-08 04:37:14,306 [WARNING] disnake.gateway: Shard ID None heartbeat blocked for more than 1840 seconds.
Loop thread traceback (most recent call last):
  File "C:\Users\user\Desktop\12345\main.py", line 179, in <module>
    asyncio.run(main())
  File "C:\Users\user\AppData\Local\Python\pythoncore-3.14-64\Lib\asyncio\runners.py", line 204, in run
    return runner.run(main)
  File "C:\Users\user\AppData\Local\Python\pythoncore-3.14-64\Lib\asyncio\runners.py", line 127, in run
    return self._loop.run_until_complete(task)
  File "C:\Users\user\AppData\Local\Python\pythoncore-3.14-64\Lib\asyncio\base_events.py", line 706, in run_until_complete
    self.run_forever()
  File "C:\Users\user\AppData\Local\Python\pythoncore-3.14-64\Lib\asyncio\base_events.py", line 677, in run_forever
    self._run_once()
  File "C:\Users\user\AppData\Local\Python\pythoncore-3.14-64\Lib\asyncio\base_events.py", line 2019, in _run_once
    event_list = self._selector.select(timeout)
  File "C:\Users\user\AppData\Local\Python\pythoncore-3.14-64\Lib\asyncio\windows_events.py", line 446, in select
    self._poll(timeout)
  File "C:\Users\user\AppData\Local\Python\pythoncore-3.14-64\Lib\asyncio\windows_events.py", line 775, in _poll
    status = _overlapped.GetQueuedCompletionStatus(self._iocp, ms)

2026-10-08 04:37:20,465 [WARNING] disnake.gateway: Can't keep up, shard ID None websocket is 1889.0s behind.
2026-10-08 04:37:24,311 [WARNING] disnake.gateway: Shard ID None heartbeat blocked for more than 1850 seconds.
Loop thread traceback (most recent call last):
  File "C:\Users\user\Desktop\12345\main.py", line 179, in <module>
    asyncio.run(main())
  File "C:\Users\user\AppData\Local\Python\pythoncore-3.14-64\Lib\asyncio\runners.py", line 204, in run
    return runner.run(main)
  File "C:\Users\user\AppData\Local\Python\pythoncore-3.14-64\Lib\asyncio\runners.py", line 127, in run
    return self._loop.run_until_complete(task)
  File "C:\Users\user\AppData\Local\Python\pythoncore-3.14-64\Lib\asyncio\base_events.py", line 706, in run_until_complete
    self.run_forever()
  File "C:\Users\user\AppData\Local\Python\pythoncore-3.14-64\Lib\asyncio\base_events.py", line 677, in run_forever
    self._run_once()
  File "C:\Users\user\AppData\Local\Python\pythoncore-3.14-64\Lib\asyncio\base_events.py", line 2019, in _run_once
    event_list = self._selector.select(timeout)
  File "C:\Users\user\AppData\Local\Python\pythoncore-3.14-64\Lib\asyncio\windows_events.py", line 446, in select
    self._poll(timeout)
  File "C:\Users\user\AppData\Local\Python\pythoncore-3.14-64\Lib\asyncio\windows_events.py", line 775, in _poll
    status = _overlapped.GetQueuedCompletionStatus(self._iocp, ms)

2026-10-08 04:37:34,318 [WARNING] disnake.gateway: Shard ID None heartbeat blocked for more than 1860 seconds.
Loop thread traceback (most recent call last):
  File "C:\Users\user\Desktop\12345\main.py", line 179, in <module>
    asyncio.run(main())
  File "C:\Users\user\AppData\Local\Python\pythoncore-3.14-64\Lib\asyncio\runners.py", line 204, in run
    return runner.run(main)
  File "C:\Users\user\AppData\Local\Python\pythoncore-3.14-64\Lib\asyncio\runners.py", line 127, in run
    return self._loop.run_until_complete(task)
  File "C:\Users\user\AppData\Local\Python\pythoncore-3.14-64\Lib\asyncio\base_events.py", line 706, in run_until_complete
    self.run_forever()
  File "C:\Users\user\AppData\Local\Python\pythoncore-3.14-64\Lib\asyncio\base_events.py", line 677, in run_forever
    self._run_once()
  File "C:\Users\user\AppData\Local\Python\pythoncore-3.14-64\Lib\asyncio\base_events.py", line 2019, in _run_once
    event_list = self._selector.select(timeout)
  File "C:\Users\user\AppData\Local\Python\pythoncore-3.14-64\Lib\asyncio\windows_events.py", line 446, in select
    self._poll(timeout)
  File "C:\Users\user\AppData\Local\Python\pythoncore-3.14-64\Lib\asyncio\windows_events.py", line 775, in _poll
    status = _overlapped.GetQueuedCompletionStatus(self._iocp, ms)

2026-10-08 04:37:44,332 [WARNING] disnake.gateway: Shard ID None heartbeat blocked for more than 1870 seconds.
Loop thread traceback (most recent call last):
  File "C:\Users\user\Desktop\12345\main.py", line 179, in <module>
    asyncio.run(main())
  File "C:\Users\user\AppData\Local\Python\pythoncore-3.14-64\Lib\asyncio\runners.py", line 204, in run
    return runner.run(main)
  File "C:\Users\user\AppData\Local\Python\pythoncore-3.14-64\Lib\asyncio\runners.py", line 127, in run
    return self._loop.run_until_complete(task)
  File "C:\Users\user\AppData\Local\Python\pythoncore-3.14-64\Lib\asyncio\base_events.py", line 706, in run_until_complete
    self.run_forever()
  File "C:\Users\user\AppData\Local\Python\pythoncore-3.14-64\Lib\asyncio\base_events.py", line 677, in run_forever
    self._run_once()
  File "C:\Users\user\AppData\Local\Python\pythoncore-3.14-64\Lib\asyncio\base_events.py", line 2019, in _run_once
    event_list = self._selector.select(timeout)
  File "C:\Users\user\AppData\Local\Python\pythoncore-3.14-64\Lib\asyncio\windows_events.py", line 446, in select
    self._poll(timeout)
  File "C:\Users\user\AppData\Local\Python\pythoncore-3.14-64\Lib\asyncio\windows_events.py", line 775, in _poll
    status = _overlapped.GetQueuedCompletionStatus(self._iocp, ms)

2026-10-08 04:37:54,342 [WARNING] disnake.gateway: Shard ID None heartbeat blocked for more than 1880 seconds.
Loop thread traceback (most recent call last):
  File "C:\Users\user\Desktop\12345\main.py", line 179, in <module>
    asyncio.run(main())
  File "C:\Users\user\AppData\Local\Python\pythoncore-3.14-64\Lib\asyncio\runners.py", line 204, in run
    return runner.run(main)
  File "C:\Users\user\AppData\Local\Python\pythoncore-3.14-64\Lib\asyncio\runners.py", line 127, in run
    return self._loop.run_until_complete(task)
  File "C:\Users\user\AppData\Local\Python\pythoncore-3.14-64\Lib\asyncio\base_events.py", line 706, in run_until_complete
    self.run_forever()
  File "C:\Users\user\AppData\Local\Python\pythoncore-3.14-64\Lib\asyncio\base_events.py", line 677, in run_forever
    self._run_once()
  File "C:\Users\user\AppData\Local\Python\pythoncore-3.14-64\Lib\asyncio\base_events.py", line 2019, in _run_once
    event_list = self._selector.select(timeout)
  File "C:\Users\user\AppData\Local\Python\pythoncore-3.14-64\Lib\asyncio\windows_events.py", line 446, in select
    self._poll(timeout)
  File "C:\Users\user\AppData\Local\Python\pythoncore-3.14-64\Lib\asyncio\windows_events.py", line 775, in _poll
    status = _overlapped.GetQueuedCompletionStatus(self._iocp, ms)

2026-10-08 04:38:04,348 [WARNING] disnake.gateway: Shard ID None heartbeat blocked for more than 1890 seconds.
Loop thread traceback (most recent call last):
  File "C:\Users\user\Desktop\12345\main.py", line 179, in <module>
    asyncio.run(main())
  File "C:\Users\user\AppData\Local\Python\pythoncore-3.14-64\Lib\asyncio\runners.py", line 204, in run
    return runner.run(main)
  File "C:\Users\user\AppData\Local\Python\pythoncore-3.14-64\Lib\asyncio\runners.py", line 127, in run
    return self._loop.run_until_complete(task)
  File "C:\Users\user\AppData\Local\Python\pythoncore-3.14-64\Lib\asyncio\base_events.py", line 706, in run_until_complete
    self.run_forever()
  File "C:\Users\user\AppData\Local\Python\pythoncore-3.14-64\Lib\asyncio\base_events.py", line 677, in run_forever
    self._run_once()
  File "C:\Users\user\AppData\Local\Python\pythoncore-3.14-64\Lib\asyncio\base_events.py", line 2019, in _run_once
    event_list = self._selector.select(timeout)
  File "C:\Users\user\AppData\Local\Python\pythoncore-3.14-64\Lib\asyncio\windows_events.py", line 446, in select
    self._poll(timeout)
  File "C:\Users\user\AppData\Local\Python\pythoncore-3.14-64\Lib\asyncio\windows_events.py", line 775, in _poll
    status = _overlapped.GetQueuedCompletionStatus(self._iocp, ms)

2026-10-08 04:38:10,187 [WARNING] disnake.gateway: Can't keep up, shard ID None websocket is 1938.7s behind.
2026-10-08 04:38:14,358 [WARNING] disnake.gateway: Shard ID None heartbeat blocked for more than 1900 seconds.
Loop thread traceback (most recent call last):
  File "C:\Users\user\Desktop\12345\main.py", line 179, in <module>
    asyncio.run(main())
  File "C:\Users\user\AppData\Local\Python\pythoncore-3.14-64\Lib\asyncio\runners.py", line 204, in run
    return runner.run(main)
  File "C:\Users\user\AppData\Local\Python\pythoncore-3.14-64\Lib\asyncio\runners.py", line 127, in run
    return self._loop.run_until_complete(task)
  File "C:\Users\user\AppData\Local\Python\pythoncore-3.14-64\Lib\asyncio\base_events.py", line 706, in run_until_complete
    self.run_forever()
  File "C:\Users\user\AppData\Local\Python\pythoncore-3.14-64\Lib\asyncio\base_events.py", line 677, in run_forever
    self._run_once()
  File "C:\Users\user\AppData\Local\Python\pythoncore-3.14-64\Lib\asyncio\base_events.py", line 2019, in _run_once
    event_list = self._selector.select(timeout)
  File "C:\Users\user\AppData\Local\Python\pythoncore-3.14-64\Lib\asyncio\windows_events.py", line 446, in select
    self._poll(timeout)
  File "C:\Users\user\AppData\Local\Python\pythoncore-3.14-64\Lib\asyncio\windows_events.py", line 775, in _poll
    status = _overlapped.GetQueuedCompletionStatus(self._iocp, ms)

2026-10-08 04:38:24,358 [WARNING] disnake.gateway: Shard ID None heartbeat blocked for more than 1910 seconds.
Loop thread traceback (most recent call last):
  File "C:\Users\user\Desktop\12345\main.py", line 179, in <module>
    asyncio.run(main())
  File "C:\Users\user\AppData\Local\Python\pythoncore-3.14-64\Lib\asyncio\runners.py", line 204, in run
    return runner.run(main)
  File "C:\Users\user\AppData\Local\Python\pythoncore-3.14-64\Lib\asyncio\runners.py", line 127, in run
    return self._loop.run_until_complete(task)
  File "C:\Users\user\AppData\Local\Python\pythoncore-3.14-64\Lib\asyncio\base_events.py", line 706, in run_until_complete
    self.run_forever()
  File "C:\Users\user\AppData\Local\Python\pythoncore-3.14-64\Lib\asyncio\base_events.py", line 677, in run_forever
    self._run_once()
  File "C:\Users\user\AppData\Local\Python\pythoncore-3.14-64\Lib\asyncio\base_events.py", line 2019, in _run_once
    event_list = self._selector.select(timeout)
  File "C:\Users\user\AppData\Local\Python\pythoncore-3.14-64\Lib\asyncio\windows_events.py", line 446, in select
    self._poll(timeout)
  File "C:\Users\user\AppData\Local\Python\pythoncore-3.14-64\Lib\asyncio\windows_events.py", line 775, in _poll
    status = _overlapped.GetQueuedCompletionStatus(self._iocp, ms)

2026-10-08 04:38:34,370 [WARNING] disnake.gateway: Shard ID None heartbeat blocked for more than 1920 seconds.
Loop thread traceback (most recent call last):
  File "C:\Users\user\Desktop\12345\main.py", line 179, in <module>
    asyncio.run(main())
  File "C:\Users\user\AppData\Local\Python\pythoncore-3.14-64\Lib\asyncio\runners.py", line 204, in run
    return runner.run(main)
  File "C:\Users\user\AppData\Local\Python\pythoncore-3.14-64\Lib\asyncio\runners.py", line 127, in run
    return self._loop.run_until_complete(task)
  File "C:\Users\user\AppData\Local\Python\pythoncore-3.14-64\Lib\asyncio\base_events.py", line 706, in run_until_complete
    self.run_forever()
  File "C:\Users\user\AppData\Local\Python\pythoncore-3.14-64\Lib\asyncio\base_events.py", line 677, in run_forever
    self._run_once()
  File "C:\Users\user\AppData\Local\Python\pythoncore-3.14-64\Lib\asyncio\base_events.py", line 2019, in _run_once
    event_list = self._selector.select(timeout)
  File "C:\Users\user\AppData\Local\Python\pythoncore-3.14-64\Lib\asyncio\windows_events.py", line 446, in select
    self._poll(timeout)
  File "C:\Users\user\AppData\Local\Python\pythoncore-3.14-64\Lib\asyncio\windows_events.py", line 775, in _poll
    status = _overlapped.GetQueuedCompletionStatus(self._iocp, ms)

2026-10-08 04:38:44,381 [WARNING] disnake.gateway: Shard ID None heartbeat blocked for more than 1930 seconds.
Loop thread traceback (most recent call last):
  File "C:\Users\user\Desktop\12345\main.py", line 179, in <module>
    asyncio.run(main())
  File "C:\Users\user\AppData\Local\Python\pythoncore-3.14-64\Lib\asyncio\runners.py", line 204, in run
    return runner.run(main)
  File "C:\Users\user\AppData\Local\Python\pythoncore-3.14-64\Lib\asyncio\runners.py", line 127, in run
    return self._loop.run_until_complete(task)
  File "C:\Users\user\AppData\Local\Python\pythoncore-3.14-64\Lib\asyncio\base_events.py", line 706, in run_until_complete
    self.run_forever()
  File "C:\Users\user\AppData\Local\Python\pythoncore-3.14-64\Lib\asyncio\base_events.py", line 677, in run_forever
    self._run_once()
  File "C:\Users\user\AppData\Local\Python\pythoncore-3.14-64\Lib\asyncio\base_events.py", line 2019, in _run_once
    event_list = self._selector.select(timeout)
  File "C:\Users\user\AppData\Local\Python\pythoncore-3.14-64\Lib\asyncio\windows_events.py", line 446, in select
    self._poll(timeout)
  File "C:\Users\user\AppData\Local\Python\pythoncore-3.14-64\Lib\asyncio\windows_events.py", line 775, in _poll
    status = _overlapped.GetQueuedCompletionStatus(self._iocp, ms)

2026-10-08 04:38:54,386 [WARNING] disnake.gateway: Shard ID None heartbeat blocked for more than 1940 seconds.
Loop thread traceback (most recent call last):
  File "C:\Users\user\Desktop\12345\main.py", line 179, in <module>
    asyncio.run(main())
  File "C:\Users\user\AppData\Local\Python\pythoncore-3.14-64\Lib\asyncio\runners.py", line 204, in run
    return runner.run(main)
  File "C:\Users\user\AppData\Local\Python\pythoncore-3.14-64\Lib\asyncio\runners.py", line 127, in run
    return self._loop.run_until_complete(task)
  File "C:\Users\user\AppData\Local\Python\pythoncore-3.14-64\Lib\asyncio\base_events.py", line 706, in run_until_complete
    self.run_forever()
  File "C:\Users\user\AppData\Local\Python\pythoncore-3.14-64\Lib\asyncio\base_events.py", line 677, in run_forever
    self._run_once()
  File "C:\Users\user\AppData\Local\Python\pythoncore-3.14-64\Lib\asyncio\base_events.py", line 2019, in _run_once
    event_list = self._selector.select(timeout)
  File "C:\Users\user\AppData\Local\Python\pythoncore-3.14-64\Lib\asyncio\windows_events.py", line 446, in select
    self._poll(timeout)
  File "C:\Users\user\AppData\Local\Python\pythoncore-3.14-64\Lib\asyncio\windows_events.py", line 775, in _poll
    status = _overlapped.GetQueuedCompletionStatus(self._iocp, ms)

2026-10-08 04:38:59,948 [WARNING] disnake.gateway: Can't keep up, shard ID None websocket is 1988.5s behind.
2026-10-08 04:39:04,393 [WARNING] disnake.gateway: Shard ID None heartbeat blocked for more than 1950 seconds.
Loop thread traceback (most recent call last):
  File "C:\Users\user\Desktop\12345\main.py", line 179, in <module>
    asyncio.run(main())
  File "C:\Users\user\AppData\Local\Python\pythoncore-3.14-64\Lib\asyncio\runners.py", line 204, in run
    return runner.run(main)
  File "C:\Users\user\AppData\Local\Python\pythoncore-3.14-64\Lib\asyncio\runners.py", line 127, in run
    return self._loop.run_until_complete(task)
  File "C:\Users\user\AppData\Local\Python\pythoncore-3.14-64\Lib\asyncio\base_events.py", line 706, in run_until_complete
    self.run_forever()
  File "C:\Users\user\AppData\Local\Python\pythoncore-3.14-64\Lib\asyncio\base_events.py", line 677, in run_forever
    self._run_once()
  File "C:\Users\user\AppData\Local\Python\pythoncore-3.14-64\Lib\asyncio\base_events.py", line 2019, in _run_once
    event_list = self._selector.select(timeout)
  File "C:\Users\user\AppData\Local\Python\pythoncore-3.14-64\Lib\asyncio\windows_events.py", line 446, in select
    self._poll(timeout)
  File "C:\Users\user\AppData\Local\Python\pythoncore-3.14-64\Lib\asyncio\windows_events.py", line 775, in _poll
    status = _overlapped.GetQueuedCompletionStatus(self._iocp, ms)

2026-10-08 04:39:14,406 [WARNING] disnake.gateway: Shard ID None heartbeat blocked for more than 1960 seconds.
Loop thread traceback (most recent call last):
  File "C:\Users\user\Desktop\12345\main.py", line 179, in <module>
    asyncio.run(main())
  File "C:\Users\user\AppData\Local\Python\pythoncore-3.14-64\Lib\asyncio\runners.py", line 204, in run
    return runner.run(main)
  File "C:\Users\user\AppData\Local\Python\pythoncore-3.14-64\Lib\asyncio\runners.py", line 127, in run
    return self._loop.run_until_complete(task)
  File "C:\Users\user\AppData\Local\Python\pythoncore-3.14-64\Lib\asyncio\base_events.py", line 706, in run_until_complete
    self.run_forever()
  File "C:\Users\user\AppData\Local\Python\pythoncore-3.14-64\Lib\asyncio\base_events.py", line 677, in run_forever
    self._run_once()
  File "C:\Users\user\AppData\Local\Python\pythoncore-3.14-64\Lib\asyncio\base_events.py", line 2019, in _run_once
    event_list = self._selector.select(timeout)
  File "C:\Users\user\AppData\Local\Python\pythoncore-3.14-64\Lib\asyncio\windows_events.py", line 446, in select
    self._poll(timeout)
  File "C:\Users\user\AppData\Local\Python\pythoncore-3.14-64\Lib\asyncio\windows_events.py", line 775, in _poll
    status = _overlapped.GetQueuedCompletionStatus(self._iocp, ms)

2026-10-08 04:39:24,417 [WARNING] disnake.gateway: Shard ID None heartbeat blocked for more than 1970 seconds.
Loop thread traceback (most recent call last):
  File "C:\Users\user\Desktop\12345\main.py", line 179, in <module>
    asyncio.run(main())
  File "C:\Users\user\AppData\Local\Python\pythoncore-3.14-64\Lib\asyncio\runners.py", line 204, in run
    return runner.run(main)
  File "C:\Users\user\AppData\Local\Python\pythoncore-3.14-64\Lib\asyncio\runners.py", line 127, in run
    return self._loop.run_until_complete(task)
  File "C:\Users\user\AppData\Local\Python\pythoncore-3.14-64\Lib\asyncio\base_events.py", line 706, in run_until_complete
    self.run_forever()
  File "C:\Users\user\AppData\Local\Python\pythoncore-3.14-64\Lib\asyncio\base_events.py", line 677, in run_forever
    self._run_once()
  File "C:\Users\user\AppData\Local\Python\pythoncore-3.14-64\Lib\asyncio\base_events.py", line 2019, in _run_once
    event_list = self._selector.select(timeout)
  File "C:\Users\user\AppData\Local\Python\pythoncore-3.14-64\Lib\asyncio\windows_events.py", line 446, in select
    self._poll(timeout)
  File "C:\Users\user\AppData\Local\Python\pythoncore-3.14-64\Lib\asyncio\windows_events.py", line 775, in _poll
    status = _overlapped.GetQueuedCompletionStatus(self._iocp, ms)

